,1980,1981,1982,1983,1984,1985,1986,1987,1988,1989,1990,1991,1992,1993,1994,1995,1996,1997,1998,1999,2000,2001,2002,2003,2004,2005,2006,2007,2008,2009,2010,2011,2012,2013,2014,2015,2016,2017,2018,2019,2020,2021,2022,2023,2024,2025,2026,2027,2028
Afghanistan,5.7,6.1,4.75,5.449999999999999,6.550000000000001,4.55,4.6,4.7,6.6,4.85,5.5,5.8,6.5,4.2,5.45,5.85,5.3,5.15,3.6,3.8,6.2,3.9,4.9,8.7,0.7,11.8,5.4,13.3,3.9,20.6,8.4,6.5,14.0,5.7,2.7,1.0,2.2,2.6,1.2,3.9,-2.4,4.0,4.449999999999999,3.45,4.555954674176408,6.595037205432464,6.94242425181788,6.8573781558471385,8.756562108061116
Albania,2.7,5.7,2.9,1.1,2.0,-1.5,5.6,-0.8,-1.4,9.8,-10.0,-28.0,-7.2,9.6,9.4,8.9,9.1,-10.9,8.8,12.9,6.9,8.3,4.5,5.5,5.5,5.5,5.9,6.0,7.5,3.4,3.7,2.5,1.4,1.0,1.8,2.2,3.3,3.8,4.0,2.1,-3.5,8.5,3.7,2.2,3.738783572230928,2.8327687912477604,2.8327687912477604,2.8327687912477604,2.8327687912477604
Algeria,-5.4,3.0,6.4,5.4,5.6,5.6,-0.2,-0.7,-1.9,4.8,0.8,-1.2,1.6,-2.1,-0.9,3.8,3.8,1.1,5.1,3.2,3.8,3.0,5.6,7.2,4.3,5.9,1.7,3.4,2.4,1.6,3.6,2.9,3.4,2.8,3.8,3.7,3.2,1.4,1.2,1.0,-5.1,3.4,2.9,2.6,1.7918906651981374,1.7918906651981374,1.7918906651981374,1.7918906651981374,1.7918906651981374
Andorra,2.9,0.45,0.8,1.4500000000000002,2.95,2.2,2.3,2.0999999999999996,4.15,4.45,4.25,2.15,1.7000000000000002,0.2,2.7,2.3499999999999996,1.45,3.05,3.6,3.55,4.1,8.1,4.5,8.7,8.1,5.4,4.8,1.6,-5.6,-5.3,-2.0,0.0,-5.0,-3.5,2.5,1.4,3.7,0.3,1.6,2.0,-11.2,8.9,8.7,1.3,17.241511236055622,14.80493487687908,12.970528573860097,24.93782564830984,22.224943214022588
Angola,2.4,-4.4,0.0,4.2,6.0,3.5,2.9,4.1,6.1,0.0,-3.5,12.1,11.4,11.0,10.5,10.4,11.2,7.3,4.7,2.2,3.1,4.2,13.7,3.0,11.0,15.0,11.5,14.0,11.2,0.9,4.9,3.5,8.5,5.0,4.8,0.9,-2.6,-0.2,-1.3,-0.7,-5.6,1.1,2.8,3.5,2.4312477379293043,2.4312477379293043,2.4312477379293043,2.4312477379293043,2.4312477379293043
Antigua and Barbuda,8.2,3.8,-0.1,5.4,10.2,7.6,11.5,6.6,5.2,5.3,3.0,2.2,1.2,5.3,6.7,-4.4,6.6,5.5,4.7,3.7,6.2,-4.5,1.0,6.1,5.8,6.5,12.7,9.3,0.0,-12.0,-7.8,-2.0,3.4,-0.6,3.8,3.8,5.5,3.1,6.9,4.9,-20.2,5.3,6.4,5.5,3.8896956079001024,3.3860850804557168,3.3860850804557168,3.3860850804557168,3.3860850804557168
Argentina,0.7,-5.7,-3.1,3.7,2.0,-7.0,7.1,2.5,-2.0,-7.0,-1.3,10.5,10.3,6.3,5.8,-2.8,5.5,8.1,3.9,-3.4,-0.8,-4.4,-10.9,9.0,8.9,8.9,8.0,9.0,4.1,-5.9,10.1,6.0,-1.0,2.4,-2.5,2.7,-2.1,2.8,-2.6,-2.0,-9.9,10.4,5.2,0.2,-0.09330732286193744,3.58400778205248,3.064900419679933,1.7991125631941576,1.7491976089467594
Armenia,5.7,6.1,4.75,5.449999999999999,6.550000000000001,4.55,4.6,4.7,6.6,4.85,5.5,5.8,6.5,-14.1,5.4,8.0,5.2,3.4,6.3,3.2,5.9,9.5,14.8,14.1,10.5,14.1,13.2,13.7,6.9,-14.1,2.2,4.7,7.1,3.4,3.6,3.3,0.2,7.5,5.2,7.6,-7.2,5.7,12.6,5.5,2.3302014249852645,5.165983660057077,7.202474088730222,5.78052984682082,4.774783973025046
Aruba,7.1,3.25,2.35,3.25,4.1,1.75,7.05,16.1,18.6,12.1,4.0,8.0,5.9,7.3,8.2,2.5,1.3,7.0,2.0,1.4,7.7,4.2,-0.9,1.1,7.3,-0.4,1.1,3.1,1.8,-11.7,-2.7,3.4,-1.0,6.4,0.0,3.6,2.1,5.5,5.3,0.6,-18.6,17.2,5.7,1.6,2.311984089600573,2.311984089600573,2.311984089600573,2.311984089600573,2.311984089600573
Australia,2.9,4.1,0.1,-0.5,6.3,5.5,2.4,4.9,4.3,4.6,1.5,-1.0,2.6,3.9,4.8,3.0,4.0,4.6,4.6,4.4,3.1,2.7,4.2,3.0,4.1,3.0,2.6,4.4,2.5,1.9,2.4,2.8,3.8,2.2,2.6,2.3,2.7,2.4,2.8,1.9,-1.8,5.2,3.7,1.6,3.5606936492875576,2.7071853586093746,3.2301108462445565,2.9097260666178544,3.106018673200576
Austria,2.3,-0.1,1.9,2.8,0.3,2.2,2.3,1.7,1.0,3.9,4.3,3.4,2.1,0.5,2.4,2.7,2.4,2.1,3.6,3.6,3.4,1.3,1.7,0.9,2.7,2.2,3.5,3.7,1.5,-3.8,1.8,2.9,0.7,0.0,0.7,1.0,2.0,2.3,2.4,1.5,-6.5,4.6,5.0,0.4,1.612082402121796,1.6098579761317402,1.6076366195077283,1.605418328014507,1.6032030974226665
Azerbaijan,3.6500000000000004,3.0,1.8,2.4,4.2,3.6,3.6500000000000004,3.55,4.1,3.8,3.6,2.3,3.1,-23.1,-19.7,-13.0,2.5,8.9,6.0,11.4,6.2,6.5,9.4,10.2,9.3,28.0,34.5,25.5,10.6,9.4,4.8,-1.6,2.2,5.8,2.8,1.0,-3.1,0.2,1.5,2.5,-4.2,5.6,4.6,3.0,3.0000000000000004,3.0000000000000004,3.0000000000000004,3.0000000000000004,3.0000000000000004
"Bahamas, The",7.1,-2.9,6.3,6.8,2.4,4.1,2.6,3.7,2.3,2.3,1.1,-4.2,-3.8,0.3,3.1,4.4,4.2,4.9,4.7,7.1,4.1,2.6,2.7,-1.3,0.9,3.4,2.5,1.4,-2.3,-4.2,1.5,0.6,3.1,-2.9,1.8,1.0,-0.9,3.1,1.8,1.9,-23.8,13.7,11.0,4.3,0.7396439673735205,1.571128162867233,1.8883907061963492,1.7909009603364827,1.763700042264864
Bahrain,7.5,2.8,6.4,7.0,4.2,-0.9,0.5,-1.2,6.0,1.0,3.5,2.3,7.1,7.6,3.2,1.9,3.2,2.3,4.8,6.0,7.0,2.5,3.3,6.3,7.0,6.8,6.5,8.3,6.2,2.5,4.3,2.0,3.7,5.4,4.4,2.5,3.6,4.3,2.1,2.2,-4.6,2.7,4.2,3.0,2.971090788309282,3.0262847649391427,3.0262847649391427,3.0262847649391427,3.0262847649391427
Bangladesh,5.55,3.8,2.4,4.0,5.2,3.2,4.2,3.7,2.2,2.6,5.9,3.3,5.0,4.6,4.1,4.9,4.6,4.5,5.2,4.7,5.3,5.1,3.8,4.7,5.2,6.5,6.7,7.1,6.0,5.0,5.6,6.5,6.5,6.0,6.1,6.6,7.1,6.6,7.3,7.9,3.4,6.9,7.1,5.5,6.067911607157932,6.0307915591922825,5.995243547004497,5.961200994805419,5.928600146293694
Barbados,4.4,-1.9,-4.9,0.5,3.6,1.1,5.1,2.6,3.5,3.6,-3.3,-3.9,-5.7,0.8,2.0,2.0,4.0,4.7,3.7,0.3,4.5,-2.4,0.8,2.2,1.4,4.0,5.7,2.2,0.7,-5.1,-2.3,-0.7,-0.4,-1.4,-0.1,2.4,2.5,0.5,-0.6,-0.5,-13.3,-0.2,10.0,4.9,0.7090825656400911,0.0,0.0,0.0,0.0
Belarus,2.7,2.9,4.0,4.3,3.0,1.7,3.6,2.8,5.3,3.0,-2.3,-1.2,-9.6,-7.6,-11.7,-11.1,2.8,11.4,8.4,3.4,5.8,4.7,5.0,7.0,11.4,9.5,10.0,8.6,10.2,0.2,7.8,5.3,1.6,1.0,1.7,-3.8,-2.5,2.5,3.1,1.4,-0.7,2.3,-4.7,0.7,0.0625907178230607,0.4263854785673473,-0.1917212317526218,1.089520804382251,1.0954105827458864
Belgium,4.4,-0.3,0.6,0.3,2.5,1.7,1.8,2.3,4.7,3.5,3.1,1.8,1.5,-1.0,3.2,2.4,1.3,3.8,2.0,3.5,3.7,1.1,1.7,1.0,3.6,2.3,2.6,3.7,0.4,-2.0,2.9,1.7,0.7,0.5,1.6,2.0,1.3,1.6,1.8,2.2,-5.4,6.1,3.1,0.7,1.863636363636364,1.863636363636364,1.863636363636364,1.863636363636364,1.863636363636364
Belize,5.0,0.2,-7.6,6.1,11.3,-1.4,7.3,22.0,10.9,15.5,11.2,11.5,12.0,6.3,0.2,0.6,1.1,3.6,3.9,9.0,13.0,5.0,5.1,9.3,4.6,2.4,4.4,3.3,-1.5,-0.4,1.3,-0.1,3.9,4.5,4.1,3.4,0.1,-1.7,1.1,4.5,-13.4,15.2,11.4,3.0,16.078638495472592,24.830270883716775,14.331574237532124,22.837633302854826,33.27193277047265
Benin,9.3,1.9,1.7,-2.0,0.4,4.3,2.7,-2.1,3.4,-2.8,9.0,4.2,3.0,5.8,2.0,6.0,4.3,5.7,4.0,4.4,5.9,5.3,4.6,3.4,4.4,1.7,3.9,6.0,4.9,2.3,2.1,3.0,4.8,7.2,6.4,1.8,3.3,5.7,6.7,6.9,3.8,7.2,6.0,6.0,4.056818181818182,4.056818181818182,4.056818181818182,4.056818181818182,4.056818181818182
Bhutan,5.0,13.6,8.2,7.3,7.6,4.3,8.0,20.2,15.1,6.2,9.1,4.9,2.1,3.2,2.2,6.0,6.0,5.5,6.0,7.1,6.9,7.0,9.5,9.3,6.9,6.7,7.1,12.9,11.0,5.8,9.5,9.9,6.5,3.6,4.0,6.2,7.4,6.3,3.8,4.4,-2.3,-3.3,4.3,4.7,4.7,4.7,4.7,4.7,4.7
Bolivia,0.6,0.3,-3.9,-4.0,-0.2,-1.7,-2.6,2.5,2.9,3.8,4.6,5.3,1.6,4.3,4.7,4.7,4.4,5.0,5.0,0.4,2.5,1.7,2.5,2.7,4.2,4.4,4.8,4.6,6.1,3.4,4.1,5.2,5.1,6.8,5.5,4.9,4.3,4.2,4.2,2.2,-8.7,6.1,3.2,1.8,2.0821014861771503,2.0821014861771503,2.0821014861771503,2.0821014861771503,2.0821014861771503
Bosnia and Herzegovina,3.6500000000000004,3.0,1.8,2.4,4.2,3.6,3.6500000000000004,3.55,4.1,3.8,3.6,2.3,3.1,2.5,3.55,20.7,62.2,22.9,13.8,10.7,4.4,2.4,5.1,3.9,6.3,4.2,5.7,6.0,5.6,-0.8,0.8,0.9,-0.7,2.4,1.1,4.3,3.2,3.2,3.8,2.9,-3.0,7.4,3.8,2.0,2.0,2.0,2.0,2.0,2.0
Botswana,12.0,8.2,15.9,10.8,6.5,7.7,8.6,14.9,23.4,4.7,8.8,6.2,-0.2,4.0,-0.8,8.5,2.5,7.1,-1.6,8.0,4.3,2.3,7.4,5.4,1.4,5.0,6.0,5.8,3.3,-14.1,10.1,6.8,-0.2,11.1,5.7,-4.9,7.2,4.1,4.2,3.0,-8.7,11.8,6.4,3.7,3.788465518355405,3.788465518355405,3.788465518355405,3.788465518355405,3.788465518355405
Brazil,9.2,-4.4,0.6,-3.4,5.3,7.9,7.5,3.6,0.3,3.2,-4.2,1.0,-0.5,4.7,5.3,4.4,2.2,3.4,0.3,0.5,4.4,1.4,3.1,1.1,5.8,3.2,4.0,6.1,5.1,-0.1,7.5,4.0,1.9,3.0,0.5,-3.5,-3.3,1.3,1.8,1.2,-3.3,5.0,2.9,0.9,2.2931818181818184,2.2931818181818184,2.2931818181818184,2.2931818181818184,2.2931818181818184
Brunei Darussalam,5.7,6.1,4.75,5.449999999999999,6.550000000000001,4.55,-2.7,2.0,1.1,-1.1,1.1,3.1,4.8,0.3,3.1,4.5,2.9,-1.5,-0.6,3.1,2.9,2.7,3.9,2.9,0.5,0.4,4.4,0.2,-1.9,-1.8,2.6,3.7,0.9,-2.1,-2.5,-0.4,-2.5,1.3,0.1,3.9,1.1,-1.6,-1.5,3.3,3.3000000000000003,3.3000000000000003,3.3000000000000003,3.3000000000000003,3.3000000000000003
Bulgaria,5.7,5.3,4.2,3.0,4.6,1.8,5.3,4.7,2.4,-0.5,-9.1,-10.8,-8.4,-11.6,-3.7,-1.6,-8.0,-14.1,3.8,-8.4,4.6,3.8,5.9,5.2,6.5,7.1,6.8,6.7,6.1,-3.3,1.5,2.1,0.8,-0.6,1.0,3.4,3.0,2.8,2.7,4.0,-4.0,7.6,3.4,1.4,3.8293277721267844,4.310780710793789,2.4992658905010403,3.7500997590816185,3.8874956526300792
Burkina Faso,4.0,2.7,1.4,-1.2,1.6,11.3,8.0,-0.2,5.8,2.2,-0.6,9.1,0.2,3.5,1.3,5.7,11.0,6.3,7.3,7.3,1.9,6.6,4.4,7.8,4.5,8.7,6.3,4.1,5.8,3.0,8.4,6.6,6.5,5.8,4.3,3.9,6.0,6.2,6.6,5.7,1.9,6.9,2.5,4.9,4.90909090909091,4.90909090909091,4.90909090909091,4.90909090909091,4.90909090909091
Burundi,-6.8,12.2,-1.1,3.7,0.2,11.8,3.2,5.5,5.0,1.3,3.5,5.8,1.0,-6.2,-3.8,-7.9,-8.0,0.4,4.8,1.2,1.8,1.7,2.4,2.5,3.8,4.4,5.4,3.5,4.9,3.8,5.1,4.0,4.4,4.9,4.2,-3.9,-0.6,0.5,1.6,1.8,0.3,3.1,1.8,3.3,2.3931416005323083,4.413864215214378,3.312787541171284,4.889178502984425,4.1811776964434415
Cabo Verde,5.3,8.4,2.8,9.5,3.8,8.6,2.9,4.3,6.0,5.7,0.7,1.4,3.0,7.3,6.9,7.5,6.7,7.6,8.4,11.9,7.3,6.1,5.3,7.5,4.9,5.8,9.1,9.2,6.7,-1.3,1.5,4.0,1.1,0.8,0.6,1.0,4.7,3.7,14.6,5.7,-14.8,7.0,10.5,4.4,1.6358022100897953,3.4268947022793528,4.392684695722623,3.874589268226799,3.5426043957933766
Cambodia,5.7,6.1,4.75,5.449999999999999,6.550000000000001,4.55,4.6,4.7,9.6,3.3,1.1,7.6,7.1,4.0,8.2,6.0,5.9,4.0,4.7,12.7,9.6,8.6,6.6,8.5,10.3,13.3,10.8,10.2,6.7,0.1,6.0,7.1,7.3,7.4,7.1,7.0,6.9,7.0,7.5,7.1,-3.1,3.0,5.0,5.8,5.936296892844406,5.7748831281929425,5.7748831281929425,5.7748831281929425,5.7748831281929425
Cameroon,9.9,17.1,7.6,6.8,7.5,8.1,6.8,-2.2,-7.9,-1.8,-6.2,-3.8,-3.1,-3.2,-2.5,3.3,4.9,5.3,4.9,4.1,3.4,3.4,4.8,5.0,6.6,1.2,3.5,4.1,2.9,2.6,2.9,3.5,4.5,5.0,5.8,5.6,4.5,3.5,4.0,3.4,0.5,3.6,3.4,4.3,4.1439456161906065,3.954902235941337,5.289403883265884,5.337830236879326,5.726292719923108
Canada,2.2,3.5,-3.2,2.6,5.9,4.7,2.1,4.1,4.4,2.3,0.2,-2.1,0.9,2.7,4.5,2.7,1.6,4.3,3.9,5.2,5.2,1.8,3.0,1.8,3.1,3.2,2.6,2.1,1.0,-2.9,3.1,3.1,1.8,2.3,2.9,0.7,1.0,3.0,2.8,1.9,-5.1,5.0,3.4,1.5,-0.5609818327288099,2.406586786811267,2.5000711446154797,1.6394220354379039,0.9074768069015945
Central African Republic,-3.0,13.0,-3.6,-6.0,9.9,3.7,7.2,0.0,1.7,3.8,1.4,-0.8,-4.9,-1.2,12.6,3.2,-6.2,4.1,3.3,2.9,-3.6,2.6,2.1,-2.2,-0.1,2.9,4.8,4.0,2.6,2.8,4.6,4.2,5.1,-36.4,0.1,4.3,4.7,4.5,3.8,3.0,1.0,1.0,0.4,2.5,0.0,0.0,0.0,0.0,0.0
Chad,-6.0,-10.8,5.4,15.7,5.3,7.9,6.0,3.6,7.5,2.0,3.2,10.4,2.4,-2.1,5.5,-0.8,2.1,5.7,7.0,-0.7,-0.9,11.7,8.5,14.7,33.6,8.3,0.6,3.3,3.1,4.1,13.6,0.1,8.8,5.8,6.9,1.8,-5.6,-2.4,2.4,3.4,-2.1,-1.1,2.5,3.5,1.6148793688326017,1.6148793688326017,1.6148793688326017,1.6148793688326017,1.6148793688326017
Chile,7.9,6.2,-13.6,-2.8,5.9,2.0,5.6,6.6,7.3,10.6,3.7,7.8,11.2,6.6,5.0,8.9,5.0,7.4,4.2,-0.3,5.0,3.2,3.2,4.7,6.7,5.8,6.0,5.2,3.8,-1.1,5.9,6.2,6.2,3.3,1.8,2.2,1.8,1.4,4.0,0.7,-6.1,11.7,2.4,-1.0,1.9566412960649027,1.9113687425602057,1.8671437004746727,1.823941932603014,1.78173976253776
"China, People's Republic of",7.9,5.1,9.0,10.8,15.2,13.5,8.9,11.7,11.2,4.2,3.9,9.0,14.3,13.9,13.0,11.0,9.9,9.2,7.9,7.7,8.5,8.3,9.1,10.0,10.1,11.4,12.7,14.2,9.6,9.4,10.6,9.6,7.8,7.8,7.4,7.0,6.9,6.9,6.8,6.0,2.2,8.4,3.0,5.2,5.2,5.2,5.2,5.2,5.2
Colombia,4.4,2.3,0.9,1.6,3.4,3.1,5.8,5.4,4.1,3.4,4.3,2.4,4.4,5.7,5.1,5.2,2.1,3.4,0.6,-4.2,2.9,1.7,2.5,3.9,5.3,4.4,6.7,6.7,3.3,1.1,4.5,6.9,3.9,5.1,4.5,3.0,2.1,1.4,2.6,3.2,-7.3,11.0,7.5,1.0,11.399346665541731,13.187101721769498,7.393335752706147,14.139044240443834,17.457539523564787
Comoros,7.4,5.5,4.1,3.1,4.2,2.9,2.2,2.2,5.1,-0.8,7.4,-6.2,7.4,2.5,-4.0,5.6,-0.5,4.4,0.0,2.7,-1.0,5.4,4.6,2.0,3.1,5.7,-1.8,0.8,4.0,3.2,3.8,4.1,3.2,4.5,2.1,1.1,3.3,3.8,3.6,1.8,-0.2,2.1,2.4,3.0,1.4593107831043548,1.980550669368573,1.980550669368573,1.980550669368573,1.980550669368573
"Congo, Dem. Rep. of the",2.4,0.9,-0.5,1.4,4.8,0.5,4.7,2.7,0.5,-1.3,-6.6,-8.4,-10.5,-13.5,-6.1,2.8,-1.9,-7.8,-3.9,-3.8,-8.1,-2.1,2.9,6.6,7.7,9.8,5.1,8.5,7.4,0.6,7.8,7.6,8.7,9.6,7.3,6.4,0.4,3.7,4.8,4.5,1.7,6.2,6.6,6.3,8.523065945105968,9.441817596902224,9.94715156570471,11.380367691497437,12.412414320976554
"Congo, Republic of ",12.7,2.6,2.4,2.4,2.4,2.4,2.3,2.3,21.9,21.3,1.0,3.4,4.2,1.3,-1.4,4.0,3.5,-1.0,8.9,-3.7,11.8,-4.8,1.0,0.5,-0.2,9.2,8.0,-6.6,6.3,11.6,9.9,2.2,9.9,-0.7,6.7,-3.6,-10.8,-4.4,-4.8,1.0,-6.2,1.5,2.8,4.1,0.7986389855969858,0.7986389855969858,0.7986389855969858,0.7986389855969858,0.7986389855969858
Costa Rica,0.8,-2.3,-7.3,2.9,8.0,0.7,5.5,4.8,3.4,5.7,3.6,2.3,9.2,7.1,4.5,4.2,1.4,5.5,7.2,4.2,3.9,3.5,3.4,4.3,4.4,4.0,7.3,8.2,4.7,-0.9,5.4,4.4,4.9,2.5,3.5,3.7,4.2,4.2,2.6,2.4,-4.3,7.8,4.3,2.7,3.4891492194626266,3.6775232584107096,3.6775232584107096,3.6775232584107096,3.6775232584107096
Croatia,3.1,0.7,1.45,1.85,2.9,2.3499999999999996,2.85,3.2,4.15,3.9,3.0,1.5,1.55,-8.0,5.9,6.6,5.9,6.6,1.9,-0.9,3.7,3.1,5.8,5.6,4.2,4.3,4.9,5.0,2.0,-7.2,-1.2,-0.1,-2.3,-0.4,-0.4,2.5,3.6,3.4,2.8,3.4,-8.6,13.1,6.3,1.7,7.018803470435493,5.291329311630802,4.495130403328784,5.6110888303822435,5.188689429741161
Cyprus,5.9,3.1,6.3,5.3,8.8,4.7,3.6,7.1,8.3,8.1,7.4,0.7,9.4,0.7,5.9,9.9,1.2,2.6,6.1,5.0,6.0,4.0,3.7,2.6,5.0,4.9,4.7,5.1,3.6,-2.0,2.3,0.4,-3.4,-6.6,-1.8,3.4,6.6,5.7,5.6,5.5,-4.4,6.6,5.6,2.5,3.2321431188067034,3.2321431188067034,3.2321431188067034,3.2321431188067034,3.2321431188067034
Czech Republic,2.7,2.9,3.4,3.65,2.85,0.7999999999999999,3.55,2.55,1.15,1.85,-6.4,-10.8,-8.600000000000001,-4.1,2.9,2.5,4.5,-0.5,-0.4,1.4,4.0,3.0,1.6,3.6,4.8,6.6,6.8,5.6,2.7,-4.7,2.4,1.8,-0.8,0.0,2.3,5.4,2.5,5.2,3.2,3.0,-5.5,3.6,2.4,-0.5,-0.49999999999999956,-0.49999999999999956,-0.49999999999999956,-0.49999999999999956,-0.49999999999999956
Côte d'Ivoire,5.2,3.5,0.2,-2.5,-2.0,3.6,4.8,-0.5,1.1,3.0,-1.1,0.0,-0.3,-0.2,0.2,5.6,8.1,5.7,4.9,1.6,-2.1,0.1,-1.7,-1.4,1.2,1.7,1.5,1.8,2.5,3.3,2.0,-4.9,10.9,9.3,8.8,8.8,7.2,6.1,3.8,8.3,1.7,7.0,6.7,6.2,5.640326836278105,5.413083375365664,5.320815970253626,5.283352740236244,5.268141587374286
Denmark,-0.5,-0.7,3.7,2.6,4.2,4.0,4.9,0.3,0.0,0.6,1.5,1.4,2.0,0.0,5.3,3.0,2.9,3.3,2.2,2.9,3.7,0.8,0.5,0.4,2.7,2.3,3.9,0.9,-0.5,-4.9,1.9,1.3,0.2,0.9,1.6,2.3,3.2,2.8,2.0,1.5,-2.0,4.9,3.6,0.0,0.2818875128769218,1.7334775939367624,1.9277789334387807,1.2605197993186255,1.1165420319845596
Djibouti,2.45,2.5,1.8,1.4,3.7,4.3,3.1,2.7,4.4,3.8,3.2,-4.5,0.6,-6.8,-1.4,-3.5,-3.7,-1.2,0.1,2.9,0.7,1.8,3.2,3.2,2.8,3.1,4.8,5.0,5.8,1.6,4.1,7.3,4.8,5.0,7.1,7.5,7.1,5.5,4.8,5.5,1.2,4.8,2.5,4.0,2.30810877253222,2.5718805934012723,2.8456213780775625,2.084943753187929,2.3614285848315353
Dominica,13.4,10.8,4.1,2.6,4.2,1.4,7.1,6.3,7.8,-0.2,5.4,1.3,2.0,2.2,0.0,3.0,3.1,2.2,3.8,0.4,2.3,-0.1,-2.8,6.4,3.1,0.7,4.7,6.4,7.1,-1.2,0.7,-0.2,-1.1,-1.0,4.8,-2.7,2.8,-6.6,3.5,5.5,-16.6,4.8,6.0,4.9,1.20082663852337,1.20082663852337,1.20082663852337,1.20082663852337,1.20082663852337
Dominican Republic,8.0,4.3,1.7,4.6,1.3,-2.1,3.5,10.1,2.2,4.4,-5.5,0.9,11.2,7.4,2.6,5.7,6.0,8.9,6.7,5.9,4.7,2.5,4.5,-1.3,2.6,9.4,9.2,7.4,3.2,0.9,8.3,3.1,2.7,4.9,7.1,6.9,6.7,4.7,7.0,5.1,-6.7,12.3,4.9,4.2,4.593181818181819,4.593181818181819,4.593181818181819,4.593181818181819,4.593181818181819
Ecuador,4.9,3.9,1.2,-2.8,4.2,4.4,3.1,-6.0,10.5,0.3,3.0,5.1,3.6,2.0,4.3,2.3,1.7,4.3,3.3,-4.7,1.1,4.0,4.1,2.7,8.2,5.3,4.4,2.2,6.4,0.6,3.5,7.9,5.6,4.9,3.8,0.1,-1.2,2.4,1.3,0.0,-7.8,4.2,3.0,2.9,-1.5192274629364482,2.966975101238064,2.151211688389708,1.7083508413897504,0.6683555620538697
Egypt,3.4,2.2,7.3,8.9,8.0,7.4,4.8,4.3,4.0,3.0,2.3,2.1,0.3,2.9,4.2,4.5,4.9,5.9,7.5,6.1,5.4,3.5,3.2,3.2,4.1,4.5,6.8,7.1,7.2,4.7,5.1,1.8,2.2,3.3,3.3,4.4,4.5,2.4,5.3,5.5,3.5,3.3,6.6,3.7,4.009172449237312,4.191641131176391,4.299331256770437,4.362888262976759,4.400398601233193
El Salvador,-8.6,-5.7,-6.3,1.5,1.3,0.6,0.2,2.5,1.9,1.0,4.8,1.5,7.0,5.8,4.7,4.7,0.8,3.1,2.7,2.2,1.1,0.9,1.6,1.6,0.9,2.7,4.3,1.9,2.1,-2.1,2.1,3.8,2.8,2.2,1.7,2.4,2.5,2.3,2.4,2.4,-8.2,10.3,2.8,2.4,2.0624760860326283,1.8873875097008175,1.7271626254959151,1.5805396186937852,1.4463637930698172
Equatorial Guinea,4.8,5.8,2.2,5.0,1.0,12.9,-2.3,4.4,2.7,-1.2,2.5,-1.2,33.0,10.5,16.8,26.5,52.7,148.0,24.8,26.4,110.5,60.0,19.6,14.5,30.4,8.2,6.5,15.3,17.8,1.3,-8.9,6.5,8.3,-4.1,0.4,-9.1,-8.8,-5.7,-6.2,-5.5,-4.2,-3.2,1.6,-1.8,-1.9722560234650703,-1.9722560234650703,-1.9722560234650703,-1.9722560234650703,-1.9722560234650703
Eritrea,2.45,2.5,1.8,1.4,3.7,4.3,3.1,2.7,4.4,3.8,3.2,2.1,1.6,12.9,20.9,2.3,9.1,7.9,2.0,0.2,-12.4,8.8,3.0,-2.7,1.5,2.6,-1.0,1.4,-19.4,12.2,10.9,25.7,1.9,-10.5,30.9,-20.6,7.4,-10.0,13.0,3.8,-0.5,2.9,2.6,2.8,2.343944924700824,1.7238765103997564,2.6565622882596007,2.3188862619659467,2.5099600542789355
Estonia,3.3,2.9,3.9,3.0,4.6,-0.1,2.4,4.1,-0.1,-0.5,-5.6,-11.350000000000001,-8.8,-8.0,-1.6,2.2,4.9,13.0,4.3,-0.4,10.1,6.0,6.8,7.6,6.8,9.5,9.8,7.6,-5.1,-14.6,2.4,7.3,3.2,1.5,3.0,1.9,3.2,5.8,3.8,3.7,-0.6,8.0,-1.3,-1.2,-1.2,-1.2,-1.2,-1.2,-1.2
Eswatini,-3.8,6.9,1.4,-0.5,2.5,1.9,18.6,10.0,7.6,9.4,9.9,1.8,3.2,3.1,2.4,4.8,3.8,3.1,2.6,3.0,1.8,1.1,4.4,3.9,3.6,6.0,6.0,4.4,0.8,1.6,3.8,2.2,5.4,3.9,0.9,2.2,1.1,2.0,2.4,2.7,-1.6,7.9,0.5,2.8,3.4169565614501005,3.564842229203281,3.6002907066056453,3.6087877744367427,3.6108245378471073
Ethiopia,4.0,0.0,1.0,7.8,-2.3,-11.4,9.7,13.9,0.6,-0.5,2.6,-7.2,-8.9,13.4,3.5,6.1,13.5,2.8,-4.2,6.3,9.8,7.4,1.6,-2.1,11.7,12.6,11.5,11.8,11.2,10.0,10.6,11.4,8.7,9.9,10.3,10.4,8.0,10.2,7.7,9.0,6.1,6.3,6.4,6.1,5.900949472300486,5.953698953621367,5.920109550867927,5.802892277858251,5.782412263393571
Fiji,-1.7,6.0,-1.1,-4.2,10.1,-3.8,6.6,-7.2,3.5,13.9,5.8,-2.7,6.1,2.6,5.1,2.6,4.8,-2.4,1.3,8.7,-1.7,1.9,3.2,0.8,5.4,-1.3,1.9,-0.9,1.0,-1.4,3.0,2.7,1.4,4.7,5.6,4.5,2.4,5.4,3.8,-0.6,-17.0,-5.1,14.5,7.0,2.1636363636363636,2.1636363636363636,2.1636363636363636,2.1636363636363636,2.1636363636363636
Finland,5.7,1.3,3.1,3.1,3.2,3.5,2.7,3.6,5.2,5.1,0.2,-5.9,-3.3,-0.7,4.0,4.2,3.7,6.3,5.5,4.4,5.8,2.6,1.7,2.0,4.0,2.8,4.0,5.3,0.8,-8.1,3.2,2.5,-1.4,-0.9,-0.4,0.5,2.8,3.2,1.1,1.2,-2.4,3.0,2.1,0.0,0.0,0.0,0.0,0.0,0.0
France,1.8,1.1,2.5,1.3,1.6,1.7,2.3,2.6,4.6,4.5,2.9,1.1,1.5,-0.7,2.4,2.3,1.4,2.3,3.6,3.3,4.1,1.9,1.2,0.8,2.6,1.7,2.6,2.4,0.2,-2.8,1.8,2.2,0.4,0.7,1.0,1.1,1.0,2.4,1.8,1.9,-7.9,6.8,2.6,0.7,1.4512529179985152,1.4512529179985152,1.4512529179985152,1.4512529179985152,1.4512529179985152
Gabon,0.0,-4.0,4.1,2.0,4.9,5.8,-2.1,-15.4,3.5,15.4,5.1,6.1,-3.1,3.9,3.7,5.0,3.6,5.7,3.5,-8.9,-1.9,2.1,0.2,1.7,1.1,-0.8,-1.9,6.3,1.7,-2.3,6.3,7.1,5.3,5.5,4.4,3.9,2.1,0.5,0.8,3.9,-1.9,1.5,2.8,3.0,3.2986669255160384,1.3279751248079152,2.1244047441041958,2.1244047441041958,2.1244047441041958
"Gambia, The",0.7,-9.5,20.8,13.5,-7.6,3.6,2.4,2.8,1.7,4.3,5.7,2.2,1.8,3.8,-3.4,3.3,2.9,1.4,6.5,6.4,5.5,5.8,-3.2,6.9,7.0,-2.4,-0.6,3.0,6.3,6.7,5.9,-8.1,5.2,2.9,-1.4,4.1,1.9,4.8,7.2,6.2,0.6,4.3,4.4,5.6,1.2698187113033452,3.2238230309084033,3.2238230309084033,3.2238230309084033,3.2238230309084033
Georgia,3.6500000000000004,3.0,1.8,2.4,4.2,3.6,3.6500000000000004,3.55,4.1,3.8,3.6,-21.1,-44.9,-29.3,-10.4,2.6,10.5,10.5,3.1,2.9,1.8,4.8,5.5,11.1,5.8,9.6,9.4,12.6,2.4,-3.7,6.2,7.4,6.4,3.6,4.4,3.0,2.9,4.8,4.8,5.0,-6.8,10.5,10.1,4.0,4.000000000000001,4.000000000000001,4.000000000000001,4.000000000000001,4.000000000000001
Germany,1.3,0.1,-0.8,1.6,2.8,2.2,2.4,1.5,3.7,3.9,5.7,5.0,1.9,-1.0,2.4,1.5,0.8,1.8,2.0,1.9,2.9,1.7,-0.2,-0.7,1.2,0.7,3.8,3.0,1.0,-5.7,4.2,3.9,0.4,0.4,2.2,1.5,2.2,2.7,1.0,1.1,-3.7,2.6,1.8,-0.1,1.5590909090909093,1.5590909090909093,1.5590909090909093,1.5590909090909093,1.5590909090909093
Ghana,0.5,-3.8,-8.3,-6.2,9.4,6.4,6.2,6.7,6.5,4.5,3.6,4.8,4.5,4.8,3.5,4.2,4.8,5.8,5.0,4.5,3.6,3.8,4.6,5.1,5.4,6.2,5.8,4.1,9.0,5.7,7.8,13.9,8.4,7.2,2.9,2.1,3.4,8.1,6.2,6.5,0.5,5.4,3.2,1.6,2.8071989051726227,3.4771834802815356,3.849018915983561,4.0553842509186815,4.169915162644405
Greece,0.7,-1.6,-1.1,-1.1,2.0,2.5,0.5,-2.3,4.3,3.8,0.0,3.1,0.7,-1.6,2.0,2.1,2.9,4.5,3.9,3.1,3.9,4.1,3.9,5.8,5.1,0.6,5.7,3.3,-0.3,-4.3,-5.5,-10.1,-7.1,-2.5,0.5,-0.2,-0.5,1.1,1.7,1.9,-9.0,8.4,5.9,2.6,6.859217748339281,12.071030247752356,9.27078007456728,11.345688959408514,15.156010216565818
Grenada,15.1,1.4,4.1,3.3,4.0,6.0,7.4,9.1,2.9,3.8,4.2,1.4,-0.8,-2.0,1.8,2.2,4.4,4.9,11.8,7.0,5.1,-2.0,3.4,9.5,-0.6,13.3,-4.0,6.1,0.9,-6.6,-0.5,0.8,-1.2,2.4,7.3,6.4,3.7,4.4,4.4,0.7,-13.8,4.7,6.0,3.7,3.320454545454546,3.320454545454546,3.320454545454546,3.320454545454546,3.320454545454546
Guatemala,3.7,0.6,-3.5,-2.5,0.5,-0.6,0.1,3.6,3.9,3.9,3.1,3.0,4.6,3.4,3.5,4.4,2.8,4.1,4.6,3.7,2.5,2.4,4.2,2.6,3.0,3.1,5.6,6.0,3.7,0.6,2.8,4.4,3.1,3.5,4.4,4.1,2.7,3.1,3.4,4.0,-1.8,8.0,4.0,3.4,3.6685809400120393,3.6685809400120393,3.6685809400120393,3.6685809400120393,3.6685809400120393
Guinea,2.6,0.6,1.8,1.3,1.4,5.0,3.1,3.3,6.3,4.0,4.3,2.5,3.3,5.0,4.0,4.7,4.5,5.2,3.6,3.8,2.5,3.7,5.2,1.2,2.3,3.0,2.5,6.5,4.1,-1.5,4.2,5.6,5.9,3.9,3.7,3.8,10.8,10.3,6.4,5.6,4.9,4.3,4.3,5.6,5.6,5.6,5.6,5.6,5.6
Guinea-Bissau,2.45,-0.5,4.2,-3.4,5.5,4.3,-1.0,5.6,2.0,2.9,4.6,7.3,3.1,2.3,3.0,4.0,3.7,6.0,-22.4,16.8,1.1,4.8,3.7,-0.3,1.2,6.6,2.7,2.6,4.5,2.4,5.6,8.1,-1.7,3.3,1.0,6.1,5.3,4.8,3.8,4.5,1.5,6.4,3.5,4.5,1.8419736614568771,3.1073728100130644,3.1073728100130644,3.1073728100130644,3.1073728100130644
Guyana,-2.1,0.6,-8.9,-11.5,2.1,0.4,-0.2,-0.1,-6.0,-4.9,-3.0,6.0,7.8,8.2,8.5,5.1,8.0,6.2,-1.7,3.0,-1.3,2.3,1.1,-0.7,1.6,-1.9,5.1,7.0,2.0,3.3,4.4,5.4,5.0,3.7,1.7,0.7,3.8,3.7,4.4,5.4,43.5,20.1,62.3,37.2,71.4185875533436,56.04417407152652,82.13173487326293,73.55522462450494,93.9594332767848
Haiti,7.3,1.1,-2.8,-1.5,0.2,0.8,0.3,-0.4,0.6,-1.1,-0.4,1.3,-2.3,-4.9,-11.6,9.9,4.1,2.7,2.2,2.7,0.9,-0.3,1.1,3.5,-1.3,3.1,1.8,4.7,2.7,5.9,-5.7,5.1,0.5,4.3,1.7,2.6,1.8,2.5,1.7,-1.7,-3.3,-1.8,-1.7,0.3,-0.7102095134956425,-0.1999478829170912,-0.457683459708217,-0.327499993887876,-0.3932562817236476
Honduras,0.6,-1.2,-2.1,0.9,6.3,5.6,5.3,6.6,1.7,2.7,2.8,-3.3,6.1,6.5,0.2,6.2,1.9,4.6,3.6,-0.7,7.3,2.7,3.8,4.5,6.2,6.1,6.6,6.2,4.2,-2.4,3.7,3.8,4.1,2.8,3.1,3.8,3.9,4.8,3.8,2.7,-9.0,12.5,4.0,3.7,3.3454545454545452,3.3454545454545452,3.3454545454545452,3.3454545454545452,3.3454545454545452
Hong Kong SAR,10.3,9.2,2.9,6.0,10.0,0.7,11.1,13.4,8.5,2.3,3.8,5.7,6.2,6.2,6.0,2.4,4.3,5.1,-5.9,2.5,7.7,0.6,1.7,3.1,8.7,7.4,7.0,6.5,2.1,-2.5,6.8,4.8,1.7,3.1,2.8,2.4,2.2,3.8,2.8,-1.7,-6.5,6.4,-3.5,3.5,1.3513589728140052,1.3513589728140052,1.3513589728140052,1.3513589728140052,1.3513589728140052
Hungary,0.2,2.9,2.8,0.7,2.7,-0.3,1.5,4.1,-0.1,0.7,-3.5,-11.9,-3.1,-0.6,2.9,2.5,0.1,3.1,3.9,3.1,4.5,4.1,4.7,4.1,5.0,4.3,3.9,0.3,1.0,-6.6,1.1,1.9,-1.3,1.8,4.2,3.7,2.2,4.3,5.4,4.9,-4.5,7.1,4.9,0.5,1.4585278099831027,2.008916550224467,2.008916550224467,2.008916550224467,2.008916550224467
Iceland,5.7,4.3,2.2,-2.2,4.1,3.3,6.3,8.5,-0.1,0.3,1.2,-0.2,-3.4,1.3,3.6,0.1,4.6,5.8,7.4,4.0,5.0,4.0,0.6,2.1,7.8,6.1,6.3,8.5,2.2,-7.7,-2.8,1.8,1.1,4.6,1.7,4.4,6.3,4.2,4.9,1.8,-7.2,4.3,6.4,2.3,2.4978506130334206,2.876141999099634,2.876141999099634,2.876141999099634,2.876141999099634
India,5.3,6.0,3.5,7.3,3.8,5.3,4.8,4.0,9.6,5.9,5.5,1.1,5.5,4.8,6.7,7.6,7.5,4.0,6.2,8.5,4.0,4.9,3.9,7.9,7.8,9.3,9.3,9.8,3.9,8.5,10.3,6.6,5.5,6.4,7.4,8.0,8.3,6.8,6.5,3.9,-5.8,9.1,6.8,5.9,5.773877858304123,4.79607000796936,5.188170347590002,5.376598486829885,5.456536567606243
Indonesia,9.9,7.6,2.2,4.2,7.6,3.9,7.2,6.6,7.0,9.1,9.0,8.9,6.5,8.0,7.5,8.2,7.8,4.7,-13.1,0.8,5.0,3.6,4.5,4.8,5.0,5.7,5.5,6.3,7.4,4.7,6.4,6.2,6.0,5.6,5.0,4.9,5.0,5.1,5.2,5.0,-2.1,3.7,5.3,5.0,5.0,5.0,5.0,5.0,5.0
Iran,-21.6,-5.7,23.2,11.1,-7.1,1.9,-9.8,-0.2,-6.1,6.1,13.6,12.7,3.3,-1.5,-1.7,2.4,6.4,1.4,2.1,2.0,5.8,2.4,8.1,8.6,4.3,3.2,5.0,8.2,0.3,1.0,5.8,2.6,-3.7,-1.5,5.0,-1.4,8.8,2.8,-1.8,-3.1,3.3,4.7,2.5,2.0,3.5258843913315205,3.855153449157623,3.0465813552382817,2.7316296910133335,2.7316296910133335
Iraq,3.6,3.1,2.6,4.8,5.2,1.9,3.6,2.7,3.6,1.4,7.4,3.4499999999999997,7.699999999999999,4.2,5.25,5.550000000000001,3.6,3.75,3.8,24.8,-4.3,-6.6,-7.8,81.8,53.4,1.7,5.6,1.9,8.2,3.4,6.4,7.5,13.9,7.6,0.7,2.5,15.2,-3.4,4.7,5.8,-15.7,7.7,8.1,3.7,3.7,3.7,3.7,3.7,3.7
Ireland,2.9,2.5,1.5,-0.7,3.2,1.9,0.4,3.6,3.0,5.6,7.7,1.6,3.6,2.3,5.9,9.6,9.1,10.7,8.8,10.5,9.4,5.3,5.9,3.0,6.8,5.7,5.0,5.3,-4.5,-5.1,1.7,0.8,0.0,1.1,8.6,24.4,2.0,9.0,8.5,5.4,6.2,13.6,12.0,5.6,8.56559181447793,8.56559181447793,8.56559181447793,8.56559181447793,8.56559181447793
Israel,3.6,4.7,1.4,2.6,2.2,4.5,3.6,7.5,3.6,1.4,6.6,4.6,7.2,3.8,7.0,9.7,5.9,3.8,4.1,3.3,8.7,0.3,-0.1,1.4,4.8,4.1,5.6,6.0,3.3,0.9,5.7,5.6,2.6,4.4,3.9,2.5,4.5,4.3,4.1,4.2,-1.9,8.6,6.4,2.9,3.7702503608626583,3.5027395588852643,5.61275273810039,4.766546814604465,3.736824210281808
Italy,3.1,0.6,0.2,0.9,3.0,2.6,2.7,3.1,4.0,3.3,2.0,1.4,0.7,-0.8,2.1,2.7,1.3,1.8,1.8,1.6,3.8,2.0,0.3,0.1,1.4,0.8,1.8,1.5,-1.0,-5.3,1.7,0.7,-3.0,-1.8,0.0,0.8,1.3,1.7,0.9,0.5,-9.0,7.0,3.7,0.7,0.6412291361673904,0.6412291361673904,0.6412291361673904,0.6412291361673904,0.6412291361673904
Jamaica,-4.0,4.4,3.1,4.2,0.9,-0.9,7.0,7.7,-4.0,4.7,4.9,0.8,2.8,2.2,1.9,2.5,0.2,-1.6,-1.2,1.0,0.8,1.3,0.7,3.7,1.3,0.9,2.9,1.4,-0.8,-3.4,-1.4,1.4,-0.5,0.2,0.6,0.9,1.5,0.7,1.8,1.0,-9.9,4.6,4.0,2.2,-0.6448795465313921,0.33122948255073825,1.0703242080809767,0.6590124580497128,0.49015849798738725
Japan,3.2,4.2,3.3,3.5,4.5,5.2,3.3,4.7,6.8,4.9,4.9,3.4,0.8,-0.5,0.9,2.6,3.1,1.0,-1.3,-0.3,2.8,0.4,0.0,1.5,2.2,1.8,1.4,1.5,-1.2,-5.7,4.1,0.0,1.4,2.0,0.3,1.6,0.8,1.7,0.6,-0.4,-4.3,2.1,1.1,1.3,0.5741357972578335,0.5741357972578335,0.5741357972578335,0.5741357972578335,0.5741357972578335
Jordan,11.1,15.0,5.8,1.4,5.5,-1.1,5.9,2.7,2.9,-10.7,-1.6,-5.7,16.9,4.4,5.0,6.0,1.9,3.7,3.2,3.2,4.2,5.0,6.6,4.0,8.3,8.8,8.5,8.4,7.4,5.0,2.3,2.7,2.4,2.6,3.4,2.5,2.0,2.5,1.9,1.9,-1.6,2.2,2.7,2.7,2.7,2.7,2.7,2.7,2.7
Kazakhstan,5.7,6.1,4.75,5.449999999999999,6.550000000000001,4.55,4.6,4.7,6.6,4.85,5.5,5.8,6.5,-9.2,-12.6,-8.2,0.5,1.7,-1.9,2.7,9.8,13.5,9.8,9.3,9.6,9.7,10.7,8.9,3.3,1.2,7.3,7.5,5.0,5.9,4.3,1.0,0.9,3.9,4.1,4.5,-2.6,4.1,3.2,4.3,5.399999999995992,6.499999999991984,7.599999999987976,8.69999999998397,9.799999999979962
Kenya,5.6,4.1,5.1,1.6,1.6,4.1,7.0,5.8,6.1,4.6,4.1,1.3,-1.1,-0.1,2.5,4.3,4.5,0.4,3.0,2.2,0.3,4.0,0.5,2.9,4.6,5.7,5.9,6.9,0.2,3.3,8.1,5.1,4.6,3.8,5.0,5.0,4.2,3.8,5.7,5.1,-0.3,7.5,5.4,5.3,4.612145078955472,4.338480792083065,4.338480792083065,4.338480792083065,4.338480792083065
Kiribati,0.1,0.2,0.7,-2.7,2.4,-4.5,1.0,0.4,9.1,-3.1,-1.3,0.1,1.3,1.0,1.8,-0.1,1.1,2.0,6.9,-1.8,6.0,-1.4,4.0,2.0,-1.6,5.0,0.0,2.0,-2.1,0.8,-1.1,1.8,5.1,4.2,-1.1,9.9,-0.5,-0.1,5.3,-2.1,-1.4,7.9,1.2,2.5,1.768021900370981,2.0340617991510053,1.9373687044002788,1.972512134447227,1.9597391367616248
"Korea, Republic of",-1.6,7.2,8.3,13.4,10.6,7.8,11.3,12.7,12.0,7.1,9.9,10.8,6.2,6.9,9.3,9.6,7.9,6.2,-5.1,11.5,9.1,4.9,7.7,3.1,5.2,4.3,5.3,5.8,3.0,0.8,6.8,3.7,2.4,3.2,3.2,2.8,2.9,3.2,2.9,2.2,-0.7,4.1,2.6,1.5,2.9601240770206463,3.1345733932795117,3.2955792449267376,3.4441776161933904,3.581324655988465
Kosovo,3.3,2.9,3.9,3.0,4.6,-0.1,2.4,4.1,-0.1,-0.5,-5.6,-11.350000000000001,-8.8,-8.0,2.2,2.2,3.6,3.1,3.3499999999999996,-0.15000000000000002,4.5,4.6,-0.4,2.6,0.6,4.5,3.6,8.3,1.8,5.0,4.9,6.3,1.7,5.3,3.3,5.9,5.6,4.8,3.4,4.8,-5.3,10.7,2.7,3.5,3.0920455209284654,3.3000790921716234,3.1939938081892567,3.2480912666444843,3.2205046410404887
Kuwait,-20.4,-18.9,-9.5,5.3,5.2,-4.3,8.6,8.1,-10.0,25.9,-26.2,-41.0,82.8,35.1,8.6,1.7,0.6,2.5,3.7,-1.8,4.7,0.2,3.0,17.3,10.8,10.1,7.5,6.0,2.5,-7.1,-2.4,9.6,6.6,1.2,0.5,0.6,2.9,-4.7,2.4,-0.6,-8.9,1.3,8.2,0.9,2.3720129042035234,5.118869491151849,3.3103174660737125,3.3103174660737125,3.3103174660737125
Kyrgyz Republic,5.7,6.1,4.75,5.449999999999999,6.550000000000001,4.55,4.6,4.7,6.6,4.85,5.5,5.8,6.5,-13.0,-19.8,-5.4,7.1,9.9,2.1,3.7,5.4,5.3,0.0,7.0,7.0,-0.2,3.1,8.5,7.6,2.9,-0.5,6.0,-0.1,10.9,4.0,3.9,4.3,4.7,3.5,4.6,-8.6,3.7,7.0,3.5,3.5,3.5,3.5,3.5,3.5
Lao P.D.R.,10.0,15.3,4.7,3.0,6.4,9.1,4.8,-1.0,-2.1,9.9,6.7,4.0,7.0,5.9,8.2,7.0,6.9,6.9,4.3,4.0,6.4,4.8,6.8,6.2,7.2,6.9,9.0,7.9,7.8,7.4,8.0,8.0,7.8,8.0,7.6,7.3,7.0,6.9,6.3,4.7,-0.4,2.1,2.3,4.0,3.202768672786936,3.202768672786936,3.202768672786936,3.202768672786936,3.202768672786936
Latvia,3.3,2.9,3.9,3.0,4.6,-0.1,2.4,4.1,-0.1,-0.5,-5.6,-11.350000000000001,-8.8,-11.4,2.2,-2.1,2.6,8.8,6.3,2.8,5.7,6.3,7.1,8.4,8.3,10.7,12.0,9.9,-3.2,-14.3,-4.5,2.6,7.0,2.0,1.9,3.9,2.4,3.3,4.0,2.6,-2.2,4.1,2.0,0.4,0.3999999999999999,0.3999999999999999,0.3999999999999999,0.3999999999999999,0.3999999999999999
Lebanon,1.5,0.5,-36.8,22.7,44.5,24.3,-6.8,16.7,-28.2,-42.2,-13.4,38.2,4.5,7.0,8.0,6.5,4.0,10.2,3.9,-0.8,1.1,3.9,3.4,1.7,7.5,0.7,1.5,9.3,9.1,10.2,8.0,0.9,2.6,3.8,2.5,0.5,1.6,0.9,-1.9,-6.9,-25.9,3.9,5.6,2.7,0.817364464880635,0.0,0.0,0.0,0.0
Lesotho,-0.8,3.1,5.6,3.0,4.3,3.3,4.1,2.1,7.7,5.5,5.2,4.8,6.2,3.8,4.5,2.8,4.9,3.5,1.4,1.6,4.9,3.3,1.6,4.1,2.4,3.1,4.4,5.0,3.8,0.4,5.1,5.1,5.1,1.8,2.1,3.2,1.9,-2.7,-1.3,-2.0,-3.9,2.1,2.1,2.2,3.4906698004119447,6.596958296466262,6.5795359886551354,7.6558696115344755,9.4450458279024
Liberia,2.45,2.5,1.8,1.4,3.7,4.3,3.1,2.7,4.4,3.8,3.2,2.1,1.6,2.4,2.75,4.0,4.5,4.300000000000001,3.6500000000000004,3.2,3.5,2.8,4.4,-29.0,4.0,5.9,8.5,13.1,6.1,5.2,6.4,7.7,8.4,8.8,0.7,0.0,-1.6,2.5,1.2,-2.5,-3.0,5.0,4.8,4.3,4.6154871252904,4.5577404151011365,4.517766198532589,4.552412484148141,4.542700359213934
Libya,0.6,-20.0,1.5,-4.7,-8.3,0.6,-11.4,-14.7,7.6,7.2,3.7,18.3,-4.5,-5.5,3.2,-15.4,1.8,-2.6,-0.7,-0.2,4.0,2.6,-3.7,16.1,5.8,10.6,0.3,6.2,-0.2,-4.4,5.0,-50.3,86.8,-18.0,-23.0,-0.8,-1.5,32.5,7.9,-11.2,-29.5,28.3,-12.8,17.5,-7.97662473781989,0.0,0.0,0.0,0.0
Lithuania,3.3,2.9,3.9,3.0,4.6,-0.1,2.4,4.1,-0.1,-0.5,-5.6,-11.350000000000001,-8.8,-8.0,2.2,2.2,5.2,8.3,7.5,-1.1,3.7,6.5,6.8,10.6,6.6,7.7,7.4,11.1,2.6,-14.8,1.7,6.0,3.8,3.6,3.5,2.0,2.5,4.3,4.0,4.6,0.0,6.0,1.9,-0.3,-0.30000000000000004,-0.30000000000000004,-0.30000000000000004,-0.30000000000000004,-0.30000000000000004
Luxembourg,3.2,0.8,1.0,1.9,4.7,5.6,10.0,4.0,8.5,9.8,5.3,8.6,1.8,4.2,3.8,1.4,1.5,5.9,6.5,8.4,8.4,3.1,3.2,2.6,4.2,2.5,6.0,8.1,-0.3,-3.2,3.8,1.0,1.6,3.2,2.6,2.3,5.0,1.3,1.2,2.3,-0.8,5.1,1.5,1.1,2.7345186444768457,3.3250092094164128,3.538331405807907,3.6153967514293885,3.6432375837301154
Macao SAR,5.7,6.1,4.75,5.449999999999999,6.550000000000001,4.55,4.6,4.7,6.6,4.85,5.5,5.8,6.5,4.2,5.45,5.85,5.3,5.15,3.6,3.8,6.2,3.9,8.9,11.6,26.6,8.1,13.4,14.5,3.4,1.3,25.1,21.6,9.2,10.8,-2.0,-21.5,-0.7,10.0,6.5,-2.5,-54.2,19.3,-26.8,58.9,-10.65411661607586,45.796001683138606,-0.018912099531647186,37.164470117449774,6.986438578359376
Madagascar,0.8,-9.8,-1.9,0.9,1.8,1.2,2.0,1.2,3.4,4.1,3.1,-6.3,1.2,2.1,0.0,1.7,2.2,3.7,3.9,4.7,4.5,6.0,-12.4,9.8,5.3,4.8,5.4,5.7,6.7,-4.0,0.6,1.6,3.0,2.3,3.3,3.1,4.0,3.9,3.2,4.4,-7.1,5.7,4.2,4.2,2.004545454545455,2.004545454545455,2.004545454545455,2.004545454545455,2.004545454545455
Malawi,0.4,-5.2,2.5,3.7,5.4,4.6,-0.2,1.6,3.2,1.3,5.7,8.7,-7.3,9.7,-10.3,13.8,10.0,6.6,1.1,3.5,0.8,-4.1,1.8,5.7,5.4,3.3,4.7,9.6,7.6,8.3,6.9,4.9,1.9,5.2,5.7,3.0,2.3,4.0,4.4,5.4,0.9,4.6,0.8,2.4,3.506818181818182,3.506818181818182,3.506818181818182,3.506818181818182,3.506818181818182
Malaysia,7.4,6.9,5.9,6.3,7.8,-0.9,1.2,5.4,9.9,9.1,9.0,9.5,8.9,9.9,9.2,9.8,10.0,7.3,-7.4,6.1,8.7,0.5,5.4,5.8,6.8,5.0,5.6,6.3,4.8,-1.5,7.5,5.3,5.5,4.7,6.0,5.0,4.4,5.8,4.8,4.4,-5.5,3.1,8.7,4.5,4.501562881922637,4.501562881922637,4.501562881922637,4.501562881922637,4.501562881922637
Maldives,18.8,7.9,7.5,4.4,17.4,13.8,8.6,8.9,8.7,9.3,-4.0,6.9,6.5,5.4,7.5,7.4,9.1,10.4,9.8,7.2,4.8,3.5,6.1,25.4,6.0,-13.1,26.1,7.7,9.5,-7.2,7.3,8.6,2.5,7.3,7.3,2.9,6.3,7.2,8.1,6.9,-33.4,41.7,12.3,7.2,-5.229868685005737,12.57328918575708,10.002849150053292,7.129714811618204,4.52848145369105
Mali,3.3,-4.5,-11.6,3.2,2.4,3.2,6.1,2.5,0.1,10.7,9.3,7.7,-1.6,3.6,3.8,3.0,7.3,4.8,2.9,6.2,-0.1,15.4,3.1,9.1,1.6,6.5,4.7,3.5,4.8,4.7,5.4,3.2,-0.8,2.3,7.1,6.2,5.9,5.3,4.7,4.8,-1.2,3.1,3.7,5.0,3.872727272727273,3.872727272727273,3.872727272727273,3.872727272727273,3.872727272727273
Malta,7.0,2.7,0.1,2.6,0.8,2.4,3.8,5.7,6.8,7.1,4.7,5.9,8.1,3.9,4.6,6.9,4.0,4.8,3.4,3.8,-1.0,-1.2,2.6,4.1,0.1,3.4,2.5,4.8,3.8,-1.1,5.5,0.5,4.1,5.5,7.6,9.6,3.4,10.9,6.2,7.0,-8.6,11.8,6.9,3.5,0.4084303671791072,7.501577747918647,4.842101779972467,3.992912555506212,3.2424671415714763
Marshall Islands,-0.7999999999999999,2.05,0.75,1.75,4.65,1.1,3.3,1.1,2.1,1.3,1.1,1.6,3.3499999999999996,2.15,6.0,3.75,2.3,-0.6,-0.7,-1.1,1.5,6.7,3.7,-1.6,-0.3,2.3,-0.2,3.4,-6.4,2.6,6.8,-0.6,-2.2,3.9,-1.0,1.6,1.4,3.3,3.1,6.8,-1.6,1.7,1.3,3.0,1.689772727272727,1.689772727272727,1.689772727272727,1.689772727272727,1.689772727272727
Mauritania,2.95,2.6,5.25,2.0500000000000003,4.949999999999999,5.65,2.3,1.7999999999999998,4.15,2.8,3.0,0.0,1.8,5.9,-3.1,9.8,5.8,-4.0,2.8,3.7,-3.9,-0.8,1.4,6.9,4.7,8.6,18.3,-2.0,-0.3,0.1,2.6,4.2,4.5,4.2,4.3,5.4,1.3,6.3,4.8,5.4,-0.9,2.4,5.0,4.4,3.3431818181818183,3.3431818181818183,3.3431818181818183,3.3431818181818183,3.3431818181818183
Mauritius,-10.1,5.9,5.5,0.4,4.8,6.9,9.7,10.2,6.8,4.5,7.2,4.4,6.5,5.1,4.1,4.3,5.6,5.7,6.1,2.6,8.2,3.2,1.6,6.0,4.3,1.5,4.5,5.7,5.4,3.3,4.4,4.1,3.5,3.4,3.8,3.7,3.9,3.9,4.0,2.9,-14.6,3.5,8.3,4.6,2.610291584541364,2.580734901965769,2.5515128936809877,2.5226217701250278,2.494057784645616
Mexico,9.5,8.5,-0.5,-3.5,3.4,2.2,-3.1,1.7,1.3,4.1,5.2,4.2,3.5,2.7,4.9,-6.3,6.8,6.8,5.2,2.8,4.9,-0.4,0.0,1.4,3.9,2.3,4.5,2.3,1.1,-5.3,5.1,3.7,3.6,1.4,2.8,3.3,2.6,2.1,2.2,-0.2,-8.0,4.7,3.1,1.8,1.7218202273455008,2.1319288466756086,2.304217570506962,2.2441322241818127,2.165400773311416
"Micronesia, Fed. States of",-0.7999999999999999,2.05,0.75,1.75,4.65,1.1,3.3,1.1,2.1,1.3,1.1,1.6,3.3499999999999996,2.15,6.0,3.75,-3.1,-6.1,2.7,1.5,4.9,2.1,0.6,1.6,-3.1,2.1,-0.1,-1.9,-2.2,1.0,2.3,3.2,-1.9,-3.7,-2.3,4.6,0.9,2.7,0.2,1.2,-1.8,-3.2,-0.6,2.8,1.4354749669839708,0.9014570719040247,0.9014570719040247,0.9014570719040247,0.9014570719040247
Moldova,3.6500000000000004,3.0,1.8,2.4,4.2,3.6,3.6500000000000004,3.55,4.1,3.8,3.6,-17.5,-29.7,-1.2,-30.9,-1.4,-5.9,1.6,-6.5,-3.4,2.1,6.1,7.8,6.6,7.4,7.5,4.8,3.0,7.8,-6.0,7.1,5.8,-0.6,9.0,5.0,-0.3,4.4,4.2,4.1,3.6,-8.3,13.9,-5.6,2.0,1.2749025394403155,-1.0039511596733313,-1.5035014253240053,-0.3713848619778992,-2.7960187230330575
Mongolia,6.4,8.4,8.3,5.8,5.9,5.7,9.4,3.5,5.1,4.2,-2.5,-9.2,-9.3,-3.2,2.1,6.4,2.2,3.9,3.3,3.1,1.1,4.6,5.3,7.4,9.4,6.5,8.2,8.8,7.8,-2.1,7.3,17.3,12.3,11.6,7.9,2.4,1.5,5.6,7.7,5.6,-4.6,1.6,4.8,4.5,4.5,4.5,4.5,4.5,4.5
Montenegro,3.6500000000000004,3.0,1.8,2.4,4.2,3.6,3.6500000000000004,3.55,4.1,3.8,3.6,2.3,3.1,2.5,3.55,4.2,4.2,4.5,3.75,3.2,4.1,1.1,1.9,2.5,4.4,4.2,8.6,6.8,7.2,-5.8,2.7,3.2,-2.7,3.5,1.8,3.4,2.9,4.7,5.1,4.1,-15.3,13.0,6.4,3.2,3.46729841054721,3.3332136713006957,3.261900589629681,3.2239726669891557,3.203800669339945
Morocco,3.8,-2.8,9.6,-0.6,4.3,6.3,8.3,-2.5,10.4,2.4,4.0,7.2,-2.1,-0.7,10.6,-5.4,12.4,-1.6,7.2,1.1,1.9,7.3,3.1,6.0,4.8,3.3,7.6,3.5,5.9,4.2,3.8,5.2,3.0,4.5,2.7,4.3,0.5,5.1,3.1,2.9,-7.2,7.9,1.1,3.0,1.91414068655102,2.2766644575972177,2.2927860783957654,2.168716955272147,2.271184138502155
Mozambique,4.2,5.0,-6.9,-15.7,-6.5,1.0,-2.3,14.7,8.2,6.5,1.0,6.6,-6.1,10.6,6.5,2.3,11.2,11.3,9.9,11.7,1.2,12.1,9.3,6.9,7.9,6.6,9.7,7.7,7.3,6.3,6.5,7.4,7.3,7.0,7.4,6.7,3.8,3.7,3.4,2.3,-1.2,2.3,4.1,5.0,4.9148753324745496,4.8790483869999175,4.863969678802221,4.857623409593414,4.854952416008114
Myanmar,5.7,6.1,4.75,5.449999999999999,6.550000000000001,4.55,4.6,4.7,6.6,4.85,5.5,5.8,6.5,4.2,5.45,5.85,5.3,5.15,3.6,8.4,12.4,12.5,9.9,13.2,15.3,13.6,13.3,12.5,7.6,4.4,5.2,5.5,6.5,7.9,8.2,7.5,6.4,5.8,6.4,6.8,3.2,-17.9,2.0,2.6,-7.669528535470585,-3.947049962650981,-1.7394860539718335,-5.28735136062392,-5.44710611490944
Namibia,2.4,2.5,1.8,0.9,3.7,4.1,3.2,2.7,5.1,3.8,3.2,5.3,9.3,-1.6,3.0,4.1,3.2,4.2,3.3,3.4,3.5,2.4,6.7,3.5,6.6,4.7,3.9,3.6,2.6,0.3,6.0,5.1,5.1,5.6,6.1,4.3,0.0,-1.0,1.1,-0.8,-8.0,2.7,3.8,2.8,5.165521757602964,10.657755820655815,9.892450539878315,11.675580669493531,15.340750016571544
Nauru,-0.7999999999999999,2.05,0.75,1.75,4.65,1.1,3.3,1.1,2.1,1.3,1.1,1.6,3.3499999999999996,2.15,6.0,3.75,2.3,-0.6,1.3,0.9,4.0,1.7,3.85,1.8,1.85,-8.0,-8.3,-6.8,63.3,-6.0,-0.3,9.3,30.6,5.0,14.7,-5.7,8.0,-5.9,7.2,9.1,4.1,2.7,3.0,1.0,5.298338011727726,4.5426244563171325,4.5426244563171325,4.5426244563171325,4.5426244563171325
Nepal,-2.3,8.3,3.8,-3.0,9.7,6.1,4.6,1.7,7.7,4.3,4.6,6.4,4.1,3.8,8.2,3.5,5.3,5.3,2.9,4.5,6.1,5.6,0.1,3.9,4.7,3.5,3.4,3.4,6.1,4.5,4.8,3.4,4.7,3.5,6.0,4.0,0.4,9.0,7.6,6.7,-2.4,4.2,5.8,4.4,3.841734564598969,4.66287359706023,4.583847457497559,4.260514171766906,4.420507683631229
Netherlands,3.1,-0.5,-1.3,1.8,3.1,2.7,3.1,1.9,4.6,4.5,4.2,2.5,1.6,1.3,3.0,2.8,3.5,4.3,4.7,5.0,4.2,2.3,0.2,0.2,2.0,2.0,3.5,3.8,2.2,-3.7,1.3,1.5,-1.0,-0.1,1.4,2.0,2.2,2.9,2.4,2.0,-3.9,4.9,4.5,1.0,1.5392314162601772,1.989690164484066,1.989690164484066,1.989690164484066,1.989690164484066
New Zealand,1.0,3.0,2.9,-0.1,6.9,1.2,1.8,2.4,0.6,0.4,0.0,-1.3,0.7,5.2,5.6,4.9,4.1,2.5,0.4,4.5,4.2,2.5,4.7,4.4,4.8,3.2,2.8,3.5,-0.3,-1.1,1.8,1.8,2.5,2.3,3.8,3.7,3.9,3.5,3.5,3.1,-1.5,6.1,2.4,1.1,2.5772727272727276,2.5772727272727276,2.5772727272727276,2.5772727272727276,2.5772727272727276
Nicaragua,4.6,5.4,-0.8,4.6,-1.6,-4.1,-1.0,-0.7,-12.4,-1.7,-0.1,-0.2,0.4,-0.4,5.0,5.9,6.3,4.0,3.7,7.0,4.1,3.0,0.8,2.5,5.3,4.3,3.8,5.1,3.4,-3.3,4.4,6.3,6.5,4.9,4.8,4.8,4.6,4.6,-3.4,-3.8,-1.8,10.3,4.0,3.0,2.785926688525391,2.6947373693804475,2.6558932375788773,2.639346710095549,2.6322983463129543
Niger,4.9,-0.2,2.2,-3.9,-16.8,7.7,6.4,0.1,6.9,1.0,-1.3,-0.4,2.0,0.3,1.9,2.5,0.1,1.5,10.0,-0.2,-1.2,7.3,4.9,2.2,0.4,7.3,5.9,3.1,7.7,2.0,8.6,2.4,10.5,5.3,6.6,4.4,5.7,5.0,7.0,6.1,3.5,1.4,11.1,6.1,5.14439195059924,5.086402315499762,5.029066362664634,4.972376723527008,4.916326112581456
Nigeria,2.45,2.5,1.8,1.4,3.7,4.3,3.1,2.7,4.4,3.8,3.2,-0.6,2.2,1.6,0.3,1.9,4.1,2.9,2.5,0.5,5.5,6.7,14.6,9.5,10.4,7.0,6.7,7.3,7.2,8.4,11.3,4.9,4.3,5.4,6.3,2.7,-1.6,0.8,1.9,2.2,-1.8,3.6,3.3,3.2,1.4938653048357107,3.0267212761908753,3.856331197187446,4.026648167488885,3.4302321760408283
North Macedonia ,3.3,2.9,3.9,3.0,4.6,-0.1,2.4,4.1,-0.1,-0.5,-5.6,-11.350000000000001,-8.8,-7.5,-1.8,-1.1,1.2,1.4,3.4,4.3,4.5,-3.1,1.5,2.2,4.7,4.7,5.1,6.5,5.5,-0.4,3.4,2.3,-0.5,2.9,3.6,3.9,2.8,1.1,2.9,3.9,-4.7,3.9,2.2,1.4,4.780374548039253,3.9428330209122526,4.893678210180763,6.272056070281738,6.396500282266708
Norway,4.5,1.6,0.2,4.0,6.1,5.6,4.0,1.8,-0.3,1.0,1.9,3.1,3.6,2.8,5.1,4.2,5.0,5.3,2.7,2.1,3.3,2.1,1.4,0.9,4.0,2.7,2.5,2.9,0.5,-1.9,0.8,1.1,2.7,1.0,2.0,1.9,1.2,2.5,0.8,1.1,-1.3,3.9,3.3,2.1,2.1,2.1,2.1,2.1,2.1
Oman,6.1,17.1,11.5,15.9,13.9,14.5,2.1,-4.0,5.2,3.0,8.4,6.0,8.5,6.1,3.8,4.8,2.9,6.2,2.7,0.3,6.2,4.6,-0.8,-2.2,2.0,2.8,4.7,5.0,9.0,6.0,2.5,2.9,8.9,5.2,1.3,5.0,5.0,0.3,1.3,-1.1,-3.2,2.9,4.3,1.7,3.0568477578535167,3.802428659088841,4.212121549886168,4.437245697368715,4.56095026466328
Pakistan,6.9,6.2,7.6,6.8,4.0,8.7,6.4,5.8,6.4,4.8,4.6,5.1,7.6,2.1,4.4,5.1,6.6,1.7,3.5,4.2,3.9,2.0,3.1,4.7,7.5,9.0,5.8,5.5,5.0,0.4,2.6,3.6,3.8,3.7,4.1,4.1,4.6,4.6,6.1,3.1,-0.9,5.7,6.0,0.5,3.5604939905282653,3.5604939905282653,3.5604939905282653,3.5604939905282653,3.5604939905282653
Palau,-0.7999999999999999,2.05,0.75,1.75,4.65,1.1,3.3,1.1,2.1,1.3,1.1,1.6,3.3499999999999996,2.15,6.0,3.75,2.3,-0.6,1.3,0.9,4.0,6.5,5.1,-3.4,4.1,3.7,0.0,0.9,-5.3,-6.8,-1.7,4.1,1.9,-1.6,4.4,9.6,3.7,-3.4,0.0,0.4,-7.5,-12.1,-2.9,8.7,20.299999999998278,31.899999999996552,43.49999999999483,55.0999999999931,66.69999999999138
Panama,4.5,9.2,5.3,-4.5,2.7,4.9,3.6,-1.8,-13.4,1.6,8.1,9.4,8.2,5.5,2.8,1.8,7.4,6.5,7.3,3.9,2.7,0.6,2.2,4.2,7.5,7.2,8.5,12.1,9.9,1.2,5.8,11.3,9.8,6.9,5.1,5.7,5.0,5.6,3.7,3.0,-17.9,15.3,10.0,5.0,4.139690782285779,4.613512495590778,4.806108457007313,4.781045330468522,4.752398626447116
Papua New Guinea,-2.3,1.1,0.8,3.4,-1.0,3.6,5.7,2.8,2.9,-1.4,-3.1,9.6,13.8,13.3,10.5,-3.4,6.6,-6.3,4.7,1.9,-2.5,-0.1,-0.2,9.0,0.6,4.3,2.5,7.8,-0.3,6.8,10.1,1.1,4.7,3.8,13.5,6.6,5.5,3.5,-0.3,4.5,-3.2,0.1,4.5,3.7,4.090562840867109,3.8998886750343758,3.9929764798938736,3.9475306829988632,3.9697174824248442
Paraguay,11.7,9.2,-1.4,-3.0,2.8,3.9,0.3,4.1,5.9,5.8,4.1,3.5,1.7,4.9,5.3,6.8,1.6,4.2,0.1,-1.4,-2.3,-0.8,0.0,4.3,4.1,2.1,4.8,5.4,6.5,-0.3,11.1,4.3,-0.7,8.3,5.3,3.0,4.3,4.8,3.2,-0.4,-0.8,4.0,0.2,4.5,4.085430417270868,2.5049938446936455,3.403478605550469,3.6408117192192204,3.161414083336323
Peru,7.7,5.5,-0.3,-9.3,3.8,2.1,12.1,7.7,-9.4,-13.4,-5.1,2.2,-0.5,5.2,12.3,7.4,2.8,6.5,-0.4,1.5,2.7,0.6,5.5,4.2,5.0,6.3,7.5,8.5,9.1,1.1,8.3,6.3,6.1,5.9,2.4,3.3,4.0,2.5,4.0,2.2,-11.0,13.6,2.7,2.4,3.2891183018113153,3.241605311407261,3.241605311407261,3.241605311407261,3.241605311407261
Philippines,5.1,3.4,3.6,1.9,-7.3,-7.3,3.4,4.3,6.8,6.2,3.0,-0.4,0.4,2.2,4.4,4.6,5.9,5.2,-0.5,3.3,4.4,3.0,3.7,5.1,6.6,4.9,5.3,6.5,4.3,1.4,7.3,3.9,6.9,6.8,6.3,6.3,7.1,6.9,6.3,6.1,-9.5,5.7,7.6,6.0,4.3762264807590805,3.820691865868802,3.820691865868802,3.820691865868802,3.820691865868802
Poland,-6.0,-10.0,-4.8,5.6,-0.4,3.9,3.5,2.3,3.3,3.8,-7.2,-7.0,2.0,4.3,5.2,6.7,6.2,7.1,5.0,4.5,4.3,1.2,1.4,3.5,5.0,3.5,6.1,7.1,4.2,2.8,2.9,5.0,1.5,0.9,3.8,4.4,3.0,5.1,5.9,4.4,-2.0,6.8,4.9,0.3,0.2999999999999998,0.2999999999999998,0.2999999999999998,0.2999999999999998,0.2999999999999998
Portugal,6.7,3.5,2.2,1.0,-1.0,1.6,3.3,7.6,5.3,6.6,7.9,3.4,3.1,-0.7,1.5,2.3,3.5,4.4,4.8,3.9,3.8,1.9,0.8,-0.9,1.8,0.8,1.6,2.5,0.3,-3.1,1.7,-1.7,-4.1,-0.9,0.8,1.8,2.0,3.5,2.8,2.7,-8.3,5.5,6.7,1.0,1.04019339277198,1.443829721786201,1.443829721786201,1.443829721786201,1.443829721786201
Puerto Rico,7.1,1.1,-3.0,0.5,7.3,2.1,8.2,4.9,6.5,4.9,3.8,2.3,4.6,4.6,4.2,4.5,2.3,4.9,6.5,4.4,3.3,9.5,2.2,2.3,2.0,-2.0,-1.4,-1.2,-1.8,-2.0,-0.4,-0.4,0.0,-0.3,-1.2,-1.0,-1.3,-2.9,-4.4,1.7,-4.4,0.2,4.8,0.4,2.7389426649615096,6.93181420801271,5.00762252603427,5.629186514389483,9.34438135446776
Qatar,-1.0,-3.9,-8.2,-5.3,16.0,-13.0,3.7,0.9,4.7,5.3,-14.6,-1.5,10.4,-0.9,1.9,0.4,4.2,27.7,10.3,3.8,6.9,4.5,6.9,4.0,19.2,7.8,28.1,18.2,17.5,13.1,17.7,11.3,4.7,5.6,5.3,4.8,3.1,-1.5,1.2,0.7,-3.6,1.6,4.2,2.4,2.0210454363309758,2.0210454363309758,2.0210454363309758,2.0210454363309758,2.0210454363309758
Romania,3.3,0.1,3.9,6.0,6.0,-0.1,2.4,0.8,-0.5,-5.8,-5.6,-12.9,-8.8,1.5,3.9,7.1,3.9,-6.1,-4.8,-1.2,2.9,5.1,5.7,2.3,10.3,4.7,8.0,7.2,9.4,-5.6,-3.9,4.5,1.9,0.2,4.1,3.2,2.9,8.2,6.0,3.8,-3.7,5.9,4.8,2.4,2.3999999999999995,2.3999999999999995,2.3999999999999995,2.3999999999999995,2.3999999999999995
Russian Federation,2.7,2.9,3.4,3.65,2.85,0.7999999999999999,3.55,2.55,1.15,1.85,-6.4,-5.0,-14.5,-8.7,-12.7,-4.1,-3.6,1.4,-5.3,6.4,10.0,5.1,4.7,7.3,7.2,6.4,8.2,8.5,5.2,-7.8,4.5,5.1,4.0,1.8,0.7,-2.0,0.2,1.8,2.8,2.2,-2.7,5.6,-2.1,0.7,-1.9484331219951745,0.7450079353121808,-3.0438600109526863,-1.3281391377474172,-3.1672929517570823
Rwanda,-3.6,2.5,-2.5,6.0,13.0,4.4,5.5,-0.3,0.3,-5.7,0.4,-4.3,6.6,-10.4,-41.9,24.5,11.6,14.9,8.3,3.3,8.4,8.5,13.2,2.2,7.4,9.4,9.2,7.7,11.2,6.2,7.3,8.0,8.6,4.7,6.2,8.9,6.0,4.0,8.6,9.5,-3.4,10.9,6.8,6.2,6.3380077811606474,6.3380077811606474,6.3380077811606474,6.3380077811606474,6.3380077811606474
Saint Kitts and Nevis,1.3,2.7,6.1,-2.1,9.7,6.4,8.8,8.3,10.4,6.0,5.5,2.3,3.1,5.4,5.4,3.5,5.9,7.3,1.0,3.9,9.7,5.3,1.4,-3.9,4.0,9.7,3.2,0.6,11.2,-3.4,0.0,1.6,-0.5,5.7,7.6,0.7,3.9,0.9,1.1,4.0,-14.5,-0.9,9.0,4.5,3.6772727272727277,3.6772727272727277,3.6772727272727277,3.6772727272727277,3.6772727272727277
Saint Lucia,-0.5,5.1,2.1,4.1,8.0,12.6,14.4,3.9,13.9,9.0,9.9,0.4,8.0,0.6,1.6,1.7,2.9,-0.7,6.3,2.7,0.0,-3.4,0.4,4.3,7.3,-0.4,6.2,1.9,4.9,-1.9,0.5,4.8,-0.4,-2.2,1.3,-0.2,3.8,3.4,2.9,-0.7,-24.4,12.2,14.9,3.0,2.106605472594629,2.106605472594629,2.106605472594629,2.106605472594629,2.106605472594629
Saint Vincent and the Grenadines,2.9,3.9,2.6,3.2,5.3,4.3,5.4,0.6,13.2,3.3,4.8,2.2,7.1,3.6,-1.2,6.8,1.1,3.7,4.5,2.1,1.8,1.6,4.9,6.1,3.7,2.3,6.5,3.1,0.4,-1.2,-4.3,-0.6,1.1,2.5,1.1,2.8,4.1,1.5,3.2,0.7,-3.7,0.8,5.3,6.0,2.239298628230426,2.239298628230426,2.239298628230426,2.239298628230426,2.239298628230426
Samoa,-6.1,-9.1,-1.0,0.5,2.0,5.8,4.8,0.5,2.9,5.8,-6.4,-2.4,4.1,1.7,6.4,6.6,7.3,0.8,1.1,-0.6,5.1,7.4,5.7,5.2,3.1,6.6,2.1,0.5,3.6,-0.5,2.5,3.8,-3.7,0.1,0.7,3.9,8.0,1.4,-0.6,4.5,-3.1,-7.1,-6.0,5.0,5.0469914285082265,1.7010162636284747,1.7010162636284747,1.7010162636284747,1.7010162636284747
San Marino,3.6500000000000004,3.0,1.8,2.4,4.2,3.6,3.6500000000000004,3.55,4.1,3.8,3.6,2.3,3.1,2.5,3.55,4.2,4.2,4.5,7.5,9.0,2.2,5.5,0.3,3.9,4.6,2.4,3.8,7.1,-0.4,-10.1,-5.8,-8.5,-7.2,-0.8,-0.6,2.7,2.3,0.3,1.5,2.1,-6.7,8.3,4.6,1.2,9.821844557810213,6.278525119064744,6.924798254923609,11.415428793597066,9.318765733833043
Saudi Arabia,5.7,1.9,-20.7,-16.1,-4.7,-9.8,17.0,-6.6,13.1,-0.5,15.2,15.0,4.0,-1.4,0.6,0.2,2.6,1.1,2.9,-3.8,5.6,-1.2,-2.8,11.2,8.0,5.6,2.8,1.8,6.2,-2.1,5.0,11.0,5.4,2.9,4.0,4.7,2.4,-0.1,2.8,0.8,-4.3,3.9,8.7,3.1,2.297727272727273,2.297727272727273,2.297727272727273,2.297727272727273,2.297727272727273
Senegal,-0.8,5.1,7.8,-5.3,3.7,3.3,3.1,6.1,-0.6,4.0,-0.7,2.6,1.2,1.3,-0.2,6.1,1.9,2.7,6.0,6.0,3.9,4.3,0.1,5.6,4.6,4.3,2.3,2.8,3.7,2.8,3.4,1.3,4.0,2.4,6.2,6.4,6.4,7.4,6.2,4.6,1.3,6.1,4.7,8.3,4.992546160142867,4.992546160142867,4.992546160142867,4.992546160142867,4.992546160142867
Serbia,3.3,2.9,3.9,3.0,4.6,-0.1,2.4,4.1,-0.1,-0.5,-5.6,-11.350000000000001,-8.8,-8.0,2.2,2.2,3.6,3.1,2.4,-12.1,7.8,5.0,7.1,4.4,9.0,10.2,5.1,6.4,5.7,-2.7,0.7,2.0,-0.7,2.9,-1.6,1.8,3.3,2.1,4.5,4.3,-0.9,7.5,2.3,2.0,2.7272574561778864,2.7272574561778864,2.7272574561778864,2.7272574561778864,2.7272574561778864
Seychelles,-2.3,-3.9,-2.1,-0.6,4.3,10.3,0.8,4.9,5.3,10.3,7.5,2.8,7.2,7.3,-2.4,0.5,10.0,12.2,2.5,1.9,4.3,-2.3,1.2,-5.9,-2.9,9.0,9.4,10.4,-2.1,-1.1,6.3,5.7,3.8,6.4,4.7,5.6,5.4,4.5,3.2,3.1,-7.7,7.9,8.8,3.9,2.3295405514324496,3.098784544848744,3.767019810746551,3.7859919065975616,3.6164041878080844
Sierra Leone,-0.6,1.9,1.8,-1.6,1.7,-6.7,0.1,2.4,2.1,5.0,1.6,-8.0,-9.6,0.1,3.5,-10.0,-24.8,-17.6,-0.8,-8.1,3.8,18.2,26.4,9.3,6.6,4.5,4.2,8.1,5.4,3.2,5.3,6.3,15.2,20.7,4.6,-20.5,6.4,3.8,3.5,5.3,-2.0,4.1,2.8,3.1,3.1,3.1,3.1,3.1,3.1
Singapore,10.1,10.8,7.1,8.6,8.8,-0.6,1.3,10.8,11.3,10.2,9.8,6.7,6.6,11.5,11.1,7.2,7.5,8.3,-2.2,5.7,9.0,-1.1,3.9,4.5,9.9,7.4,9.0,9.0,1.9,0.1,14.5,6.2,4.4,4.8,3.9,3.0,3.6,4.5,3.6,1.3,-3.9,8.9,3.6,1.5,3.6505247856451515,3.6505247856451515,3.6505247856451515,3.6505247856451515,3.6505247856451515
Slovak Republic,2.7,2.9,3.4,3.65,2.85,0.7999999999999999,3.55,2.55,1.15,1.85,-6.4,-10.8,-8.600000000000001,-4.1,6.2,7.9,6.9,4.4,4.1,-0.1,1.2,3.3,4.5,5.5,5.3,6.6,8.5,10.8,5.6,-5.5,6.7,2.7,1.3,0.6,2.7,5.2,1.9,2.9,4.0,2.5,-3.4,3.0,1.7,1.3,1.3,1.3,1.3,1.3,1.3
Slovenia,3.1,0.7,1.1,1.65,2.65,2.4,2.7,3.35,4.65,4.75,4.25,2.5,1.7000000000000002,2.8,5.3,4.1,3.6,5.0,3.3,5.3,3.7,3.2,3.5,3.0,4.4,3.8,5.7,7.0,3.5,-7.5,1.3,0.9,-2.6,-1.0,2.8,2.2,3.2,4.8,4.5,3.5,-4.3,8.2,5.4,1.6,4.931836143989365,4.858954811761449,3.3811234371677292,4.21418879535804,4.436279019500243
Solomon Islands,-2.7,-1.8,-1.7,3.9,0.2,-3.1,-0.2,8.4,1.3,4.3,2.2,6.0,12.7,4.0,8.1,10.1,1.6,-0.9,1.3,-0.5,-14.3,-8.0,-2.8,6.5,6.7,5.5,4.9,4.4,5.8,2.6,8.6,7.3,1.4,5.2,1.2,1.7,5.6,3.1,2.7,1.7,-3.4,-0.6,-4.1,2.5,0.419158712634641,0.419158712634641,0.419158712634641,0.419158712634641,0.419158712634641
Somalia,1.6,1.9,2.2,1.4,3.7,4.1,3.1,3.3,5.1,4.0,3.5,2.1500000000000004,2.05,2.2,2.3,4.05,4.199999999999999,4.0,3.55,3.0,3.6,3.9,4.4,4.55,4.6,5.7,5.4,5.7,5.4,3.0,6.199999999999999,5.1,1.2,5.7,2.7,4.6,4.7,2.2,3.7,2.7,-0.3,2.9,1.7,2.8,2.3592294905093585,2.3592294905093585,2.3592294905093585,2.3592294905093585,2.3592294905093585
South Africa,6.6,5.4,-0.4,-1.8,5.1,-1.2,0.0,2.1,4.2,2.4,-0.3,-1.0,-2.1,1.2,3.2,3.1,4.3,2.6,0.5,2.4,4.2,2.7,3.7,2.9,4.6,5.3,5.6,5.4,3.2,-1.5,3.0,3.2,2.4,2.5,1.4,1.3,0.7,1.2,1.5,0.3,-6.3,4.9,2.0,0.1,0.9449660721713624,0.9449660721713624,0.9449660721713624,0.9449660721713624,0.9449660721713624
"South Sudan, Republic of",2.45,2.5,1.8,1.4,3.7,4.3,3.1,2.7,4.4,3.8,3.2,2.1,1.6,2.4,2.75,4.0,4.5,4.300000000000001,3.6500000000000004,3.2,3.5,3.8,3.7,5.05,4.6,5.7,5.300000000000001,5.550000000000001,4.9,3.0,5.5,4.9,-50.3,27.3,1.6,-0.2,-13.3,-5.8,-2.1,0.9,-6.5,5.3,6.6,5.6,-3.102877125463708,0.24977511101668748,0.24977511101668748,0.24977511101668748,0.24977511101668748
Spain,1.2,-0.4,1.2,1.7,1.7,2.4,3.4,5.7,5.3,5.0,3.8,2.5,0.9,-1.3,2.3,4.1,2.4,3.9,4.5,4.7,5.1,3.9,2.7,3.0,3.1,3.7,4.1,3.6,0.9,-3.8,0.2,-0.8,-3.0,-1.4,1.4,3.8,3.0,3.0,2.3,2.0,-11.3,5.5,5.5,1.5,3.2645188085645556,11.212132861017494,8.335775815290857,8.674150530910573,12.973563161437108
Sri Lanka,5.8,5.3,5.2,3.3,6.7,5.0,4.3,1.5,2.7,2.3,6.2,10.8,-3.1,7.5,8.0,6.1,12.2,10.3,-1.6,2.9,8.4,-1.9,3.7,5.9,5.4,6.2,7.7,6.8,6.0,3.5,8.0,8.7,8.6,4.1,6.4,4.2,5.1,6.5,2.3,-0.2,-3.5,3.3,-8.7,-3.0,-1.9579086581034075,-1.9579086581034075,-1.9579086581034075,-1.9579086581034075,-1.9579086581034075
Sudan,2.5,6.3,4.1,-1.5,-5.6,-0.6,9.9,6.5,4.3,1.4,0.8,7.0,5.5,2.8,3.5,8.9,5.5,6.1,8.2,4.2,8.4,10.9,5.9,6.3,5.1,5.6,6.5,5.7,3.8,-2.8,3.9,-3.2,-17.0,2.0,4.7,4.9,4.7,0.8,-2.3,-2.5,-3.6,0.5,-2.5,1.2,2.2985724594456878,0.6380589416734088,0.6380589416734088,0.6380589416734088,0.6380589416734088
Suriname,-6.5,1.9,-6.3,-5.1,-3.0,-0.9,-2.4,-8.8,10.8,2.3,-1.5,-13.8,3.9,-2.2,-7.0,11.3,11.2,7.0,2.2,-0.9,-0.1,4.9,3.7,6.2,7.3,4.9,5.8,5.1,4.1,3.0,5.2,5.8,2.7,2.9,0.3,-3.4,-4.9,1.6,4.9,1.1,-15.9,-2.7,1.3,2.3,-0.6969256141009943,-0.6969256141009943,-0.6969256141009943,-0.6969256141009943,-0.6969256141009943
Sweden,4.6,4.5,1.4,2.1,4.3,2.3,3.0,3.3,2.5,2.7,0.8,-1.1,-0.9,-1.8,3.9,3.9,1.6,3.1,4.3,4.2,4.8,1.4,2.2,2.3,4.3,2.9,4.7,3.4,-0.5,-4.3,6.0,3.2,-0.6,1.2,2.7,4.5,2.1,2.6,2.0,2.0,-2.2,5.4,2.6,-0.5,0.6978556410757957,2.6636582897727847,1.7263514624424974,0.7594856313849466,1.2929941068284583
Switzerland,5.1,1.6,-1.3,0.6,3.1,3.7,1.8,1.5,3.3,4.4,3.7,-0.9,-0.1,-0.1,1.3,0.6,0.5,2.2,2.9,1.6,4.1,1.6,-0.1,-0.1,2.6,2.8,4.2,3.9,2.7,-2.3,3.2,1.9,1.2,1.8,2.3,1.6,2.1,1.4,2.9,1.2,-2.5,4.2,2.1,0.8,1.7977272727272728,1.7977272727272728,1.7977272727272728,1.7977272727272728,1.7977272727272728
Syria,10.5,8.5,2.6,1.6,-6.5,7.3,-4.8,1.3,12.7,-6.1,10.4,10.7,13.2,7.4,5.5,5.4,3.0,-1.1,5.6,-3.1,2.3,3.7,5.9,-2.0,6.9,6.2,5.0,5.7,4.5,5.9,3.4,6.2,5.45,5.15,4.25,3.2,3.6,4.45,3.7,3.5,-3.35,4.0,4.449999999999999,3.45,4.108258626132401,3.929267085307112,3.838332875470355,3.9776564899151796,3.8961495577584078
São Tomé and Príncipe,-1.1,-10.3,3.1,-3.9,-6.0,9.3,-5.8,-2.9,2.0,3.1,-2.2,1.2,0.7,1.1,2.2,2.0,1.5,1.0,2.5,2.5,0.4,2.4,2.4,6.6,3.8,7.1,9.1,3.3,8.2,2.4,6.7,4.4,3.1,4.8,6.5,3.8,4.2,3.9,3.0,2.2,3.0,1.9,0.9,2.0,1.557697744198268,1.2388081627931617,1.888177014568929,1.4338685287589041,1.448312438729892
Taiwan Province of China,8.0,7.1,4.8,9.0,10.0,4.8,11.5,12.8,8.0,8.7,5.5,8.4,8.3,6.8,7.5,6.5,6.2,6.1,4.2,6.7,6.3,-1.4,5.5,4.2,7.0,5.4,5.8,6.9,0.8,-1.6,10.2,3.7,2.2,2.5,4.7,1.5,2.2,3.3,2.8,3.1,3.4,6.5,2.5,2.1,4.105056385177731,3.7365739460947553,3.165550467731219,3.4300155543856747,3.552797481400683
Tajikistan,5.7,6.1,4.75,5.449999999999999,6.550000000000001,4.55,4.6,4.7,6.6,4.85,5.5,5.8,6.5,-11.1,-21.4,-12.5,-4.4,1.7,5.3,3.7,8.3,10.2,9.1,10.2,10.6,6.7,7.0,7.8,7.9,3.9,6.5,7.4,7.5,7.4,6.7,6.0,6.9,7.1,7.6,7.4,4.4,9.4,8.0,5.0,4.460570675663864,4.460570675663864,4.460570675663864,4.460570675663864,4.460570675663864
Tanzania,3.3,0.5,0.6,2.4,3.4,4.6,6.6,5.9,4.4,3.8,7.0,2.1,0.6,1.2,1.6,3.6,4.5,3.5,3.7,4.8,4.9,6.0,7.2,6.9,7.8,7.4,4.7,8.5,5.6,5.4,6.4,7.9,5.1,6.8,6.7,6.2,6.9,6.8,7.0,7.0,4.8,4.9,4.7,5.2,4.508445274228084,4.569826632738387,4.577215928870574,4.427042948805051,4.2426824464036645
Thailand,4.6,5.9,5.4,5.6,5.8,4.6,5.5,9.5,13.3,12.2,11.6,8.4,9.2,8.7,8.0,8.1,5.7,-2.8,-7.6,4.6,4.5,3.4,6.1,7.2,6.3,4.2,5.0,5.4,1.7,-0.7,7.5,0.8,7.2,2.7,1.0,3.1,3.4,4.2,4.2,2.1,-6.2,1.6,2.6,3.4,3.2247950316046694,3.1382935923189943,3.095586475808406,3.0745013029406407,3.0640912225796
Timor-Leste,5.7,6.1,4.75,5.449999999999999,6.550000000000001,4.55,4.6,4.7,6.6,4.85,5.5,5.8,6.5,4.2,5.45,5.85,5.3,5.15,3.6,3.8,6.2,16.3,-6.7,-2.2,0.4,3.0,-4.1,10.3,11.4,10.1,9.3,6.0,4.9,3.1,4.5,2.8,3.4,-3.1,-0.7,2.1,-8.3,2.9,3.3,2.2,2.3901060996514465,8.121475021205605,6.675423117000022,7.718436730862481,9.995604121909114
Togo,-2.3,-3.4,-3.7,-5.2,5.9,3.7,3.3,-2.5,10.1,4.1,5.9,-0.6,-3.2,-16.3,13.9,19.7,-3.9,3.8,-2.3,2.5,-1.0,0.8,3.8,6.7,-1.0,-4.7,2.7,-1.2,4.1,5.5,6.1,6.4,6.5,6.1,5.9,5.7,5.6,4.3,5.0,5.5,1.8,5.3,5.4,5.5,2.734090909090909,2.734090909090909,2.734090909090909,2.734090909090909,2.734090909090909
Tonga,15.8,14.0,12.8,5.8,44.1,5.6,8.8,1.7,-3.5,1.1,4.7,5.9,-3.8,-0.1,2.0,7.9,0.1,-0.6,2.3,2.3,3.8,1.5,4.5,0.1,-1.9,-0.4,-2.2,-2.5,4.8,-5.2,0.8,6.8,0.8,0.3,2.0,1.2,6.6,3.3,0.2,0.7,0.5,-2.7,-2.0,2.5,0.47709971816898156,0.47709971816898156,0.47709971816898156,0.47709971816898156,0.47709971816898156
Trinidad and Tobago,10.4,4.6,3.8,-10.3,-5.8,-4.1,-3.3,-4.6,-3.9,-0.8,1.5,3.1,10.1,-0.7,3.6,3.8,7.1,7.5,8.1,8.0,6.9,3.7,7.2,13.9,7.3,5.9,14.2,4.3,3.3,-4.8,3.5,-0.2,4.5,3.8,3.3,-0.8,-6.8,-4.7,-0.9,0.1,-7.7,-1.0,2.5,3.2,2.1435802042647873,2.1435802042647873,2.1435802042647873,2.1435802042647873,2.1435802042647873
Tunisia,7.4,5.5,-0.5,4.7,5.7,5.7,-1.5,6.7,0.1,2.6,7.1,4.1,8.0,2.5,3.6,2.7,6.9,5.7,5.0,6.0,4.3,3.8,1.3,4.7,6.2,3.5,5.2,6.7,4.2,3.0,3.5,-2.0,4.2,2.4,3.1,1.0,1.1,2.2,2.6,1.6,-8.8,4.4,2.5,1.3,1.510000972748369,1.510000972748369,1.510000972748369,1.510000972748369,1.510000972748369
Turkmenistan,5.7,6.1,4.75,5.449999999999999,6.550000000000001,4.55,4.6,4.7,6.6,4.85,5.5,5.8,6.5,-10.0,-17.3,-7.2,-6.7,-11.3,6.7,16.5,18.6,20.4,15.8,17.1,14.7,13.0,11.0,11.1,14.7,6.1,16.2,12.9,6.1,-0.3,3.8,3.0,-1.0,4.7,0.9,-3.4,-2.9,4.6,1.8,2.3,5.555408848590156,7.030634905195706,7.195155354645971,8.860652147811503,10.714905227192181
Tuvalu,-0.7999999999999999,2.05,0.75,1.75,4.65,1.1,3.3,1.1,2.1,1.3,1.1,1.6,3.3499999999999996,2.15,6.0,3.75,2.3,-0.6,1.3,0.9,4.0,0.7,8.3,-4.4,-1.9,-3.7,1.3,6.9,6.6,-5.6,-2.5,7.5,-2.9,3.8,1.7,9.4,4.7,3.3,1.4,13.8,-4.3,1.8,0.7,4.3,-0.6601304786703741,1.8682862645007785,1.0458800593514568,2.4178404244387153,0.6683732466361805
"Türkiye, Republic of",-0.8,4.4,3.4,4.8,6.8,4.3,6.9,10.0,2.1,0.3,9.3,0.9,6.0,8.0,-5.5,7.2,7.0,7.5,3.1,-3.3,6.9,-5.8,6.4,5.8,9.8,9.0,6.9,5.0,0.8,-4.8,8.4,11.2,4.8,8.5,4.9,6.1,3.3,7.5,3.0,0.8,1.9,11.4,5.6,2.7,4.6022727272727275,4.6022727272727275,4.6022727272727275,4.6022727272727275,4.6022727272727275
Uganda,-3.4,3.9,8.2,4.9,-3.0,-3.0,0.9,4.0,8.3,6.4,6.5,1.8,5.9,6.7,7.7,9.2,6.6,4.6,6.1,8.0,3.9,8.8,7.1,6.2,5.8,10.0,7.0,8.1,10.4,8.1,7.5,7.7,2.3,3.9,5.7,8.0,0.2,6.8,5.5,7.8,-1.3,6.0,4.9,5.7,4.9558718614278074,4.9558718614278074,4.9558718614278074,4.9558718614278074,4.9558718614278074
Ukraine,2.7,2.9,3.4,3.65,2.85,0.7999999999999999,3.55,2.55,1.15,1.85,-6.4,-10.8,-9.9,-14.2,-22.9,-12.2,-10.0,-3.0,-1.9,-0.2,5.9,8.8,5.3,9.5,11.8,3.1,7.6,8.2,2.2,-15.1,4.1,5.5,0.2,0.0,-6.6,-9.8,2.4,2.4,3.5,3.2,-3.8,3.4,-30.3,-3.0,-23.708760387564148,-19.96657392870867,-29.949893900235597,-24.507912711670766,-36.616422838820085
United Arab Emirates,-1.8,8.0,-7.2,-5.2,4.5,-2.5,-19.3,5.3,-2.6,15.7,23.6,2.1,3.1,0.0,7.4,6.6,5.3,8.6,0.8,3.8,12.3,1.3,2.5,8.8,9.6,4.9,9.8,3.2,3.2,-5.2,1.6,6.9,4.8,5.1,4.2,6.8,5.6,0.7,1.3,1.1,-5.0,3.9,7.4,3.5,3.5113636363636367,3.5113636363636367,3.5113636363636367,3.5113636363636367,3.5113636363636367
United Kingdom,-2.2,-0.9,1.7,3.9,1.9,3.7,2.6,5.2,5.2,2.2,0.6,-1.7,0.0,2.1,3.5,2.1,1.9,4.5,3.2,3.0,4.1,2.2,1.8,3.1,2.3,2.7,2.2,2.6,-0.2,-4.5,2.4,1.1,1.4,1.8,3.2,2.4,2.2,2.4,1.7,1.6,-11.0,7.6,4.0,-0.3,1.8022727272727272,1.8022727272727272,1.8022727272727272,1.8022727272727272,1.8022727272727272
United States,-0.3,2.5,-1.8,4.6,7.2,4.2,3.5,3.5,4.2,3.7,1.9,-0.1,3.5,2.8,4.0,2.7,3.8,4.4,4.5,4.8,4.1,1.0,1.7,2.8,3.9,3.5,2.8,2.0,0.1,-2.6,2.7,1.5,2.3,1.8,2.3,2.7,1.7,2.2,2.9,2.3,-2.8,5.9,2.1,1.6,2.5477272727272733,2.5477272727272733,2.5477272727272733,2.5477272727272733,2.5477272727272733
Uruguay,6.0,1.9,-9.4,-5.9,-1.5,0.3,7.5,5.9,0.5,1.1,0.3,3.5,7.9,2.7,7.3,-1.4,5.6,5.0,4.5,-1.9,-1.9,-3.8,-7.7,0.8,5.0,7.5,4.1,6.5,7.2,4.2,7.8,5.2,3.5,4.6,3.2,0.4,1.7,1.6,0.5,0.4,-6.1,4.4,4.9,2.0,2.135371526357867,2.1953515145200013,2.221927258154739,2.233702354672433,2.238919627231451
Uzbekistan,5.7,6.1,4.75,5.449999999999999,6.550000000000001,4.55,4.6,4.7,6.6,4.85,5.5,5.8,-11.1,-2.3,-5.2,-0.9,1.7,5.2,4.3,4.3,3.8,4.2,4.0,4.2,7.4,7.0,7.5,9.5,9.0,8.1,7.1,7.5,7.1,7.3,6.9,7.2,5.9,4.4,5.9,6.0,2.0,7.4,5.7,5.3,5.468054861805949,5.397448770364408,5.427113012714074,5.4146499623424456,5.419886152862157
Vanuatu,5.5,4.4,2.0,3.0,9.6,1.0,-0.1,-2.9,-1.7,1.5,11.7,3.1,2.6,0.7,9.1,1.0,2.3,4.9,1.2,0.3,5.9,-3.4,-5.2,4.3,4.0,5.3,8.5,2.9,5.6,3.0,1.3,3.1,1.0,0.5,3.1,0.4,4.7,6.3,2.9,3.2,-5.0,0.6,1.9,3.5,2.672727272727273,2.672727272727273,2.672727272727273,2.672727272727273,2.672727272727273
Venezuela,-4.9,-1.3,2.6,-9.9,5.2,0.9,6.1,4.8,6.5,-13.9,6.5,9.7,6.1,0.3,-2.3,4.0,-0.2,6.4,0.3,-6.0,3.7,3.4,-8.9,-7.8,18.3,10.3,9.9,8.8,5.3,-3.2,-1.5,4.2,5.6,1.3,-3.9,-6.2,-17.0,-15.7,-19.7,-27.7,-30.0,0.5,8.0,5.0,14.071615040821117,31.956501384331773,36.989429052953554,40.85334178151281,51.8441028088832
Vietnam,-3.5,5.8,8.2,7.1,8.4,5.6,3.4,2.5,5.1,7.8,5.0,5.8,8.7,8.1,8.8,9.5,9.3,8.2,5.8,4.8,6.8,6.9,7.1,7.3,7.8,7.5,7.0,7.1,5.7,5.4,6.4,6.4,5.5,5.6,6.4,7.0,6.7,6.9,7.5,7.4,2.9,2.6,8.0,5.8,3.7053595260858745,5.691312127860378,5.874531408212446,5.8914347847898805,5.892994250252082
West Bank and Gaza,3.6500000000000004,3.0,1.8,2.4,4.2,3.6,3.6500000000000004,3.55,4.1,3.8,3.6,2.3,3.1,2.5,3.55,7.1,1.2,14.7,14.3,8.3,-8.6,-9.3,-12.5,14.0,21.9,11.3,-1.0,3.8,7.4,8.6,5.8,9.6,6.1,4.7,-0.2,3.7,8.9,1.4,1.2,1.4,-11.3,7.0,4.0,3.5,2.926699556997603,3.734123861325311,4.281263407630669,4.479045844857265,4.192741627263166
Yemen,5.7,6.1,4.75,5.449999999999999,6.550000000000001,4.55,4.6,4.7,6.6,4.85,5.5,6.3,8.2,4.0,6.7,5.7,4.6,5.2,6.0,3.8,6.2,3.8,3.9,3.7,4.0,5.6,3.2,3.3,3.6,3.9,7.7,-12.7,2.4,4.8,-0.2,-28.0,-9.4,-5.1,0.8,1.4,-8.5,-1.0,1.5,-0.5,-4.170607347623687,-2.047524456241866,-0.4341741410979607,-0.8126283644622098,-2.450020135264645
Zambia,3.9,6.6,-2.9,-1.1,-1.7,1.2,1.7,1.5,9.3,-3.7,-0.6,-0.7,2.1,-0.1,-13.3,2.9,6.2,3.8,-0.4,4.7,3.9,5.3,4.5,6.9,7.0,7.2,7.9,8.4,7.8,9.2,10.3,5.6,7.6,5.1,4.7,2.9,3.8,3.5,4.0,1.4,-2.8,4.6,3.4,4.0,3.1237669200862195,3.1237669200862195,3.1237669200862195,3.1237669200862195,3.1237669200862195
Zimbabwe,1.6,1.9,2.2,1.4,3.7,4.1,3.1,3.3,5.1,4.0,3.5,2.1500000000000004,2.05,2.2,2.3,4.05,4.199999999999999,4.0,3.55,-1.1,-4.2,-0.5,-7.7,-16.2,-6.3,-7.4,-3.6,-3.4,-16.3,7.4,19.7,14.2,16.7,2.0,2.4,1.8,0.5,5.0,4.7,-6.1,-7.8,8.5,3.0,2.5,2.5,2.5,2.5,2.5,2.5
Africa (Region),2.45,2.5,1.8,1.4,3.7,4.3,3.1,2.7,4.4,3.8,3.2,2.3,0.1,0.9,2.5,2.6,5.0,3.2,4.0,3.1,4.3,4.5,4.9,5.5,5.9,5.9,5.5,6.1,5.2,3.0,5.9,2.7,6.2,3.7,3.8,3.4,2.2,3.5,3.4,3.0,-1.7,4.9,3.8,3.7,3.292788097873001,3.292788097873001,3.292788097873001,3.292788097873001,3.292788097873001
Asia and Pacific,4.4,5.2,4.2,5.4,6.5,5.8,5.4,6.8,7.8,5.4,5.6,4.9,5.5,5.2,5.5,6.4,6.5,4.7,1.4,4.5,5.6,3.7,5.0,6.1,6.9,7.3,7.7,8.6,5.0,4.2,8.3,6.4,5.6,5.8,5.6,5.6,5.4,5.7,5.3,4.1,-0.8,6.9,4.0,4.4,4.422937059863998,4.422937059863998,4.422937059863998,4.422937059863998,4.422937059863998
Australia and New Zealand,2.6,3.9,0.5,-0.4,6.4,4.8,2.4,4.5,3.7,4.1,1.3,-1.0,2.3,4.1,4.9,3.2,4.0,4.3,4.1,4.4,3.2,2.6,4.2,3.2,4.2,3.0,2.6,4.3,2.2,1.6,2.3,2.6,3.6,2.2,2.7,2.5,2.9,2.5,2.9,2.1,-1.8,5.3,3.5,1.5,3.50113303265538,2.610411114821253,3.198506087515262,2.810219137364818,3.066583776848956
Caribbean,4.3,2.2,0.2,-1.9,-0.2,-0.1,1.9,1.7,0.4,1.8,1.6,0.6,2.5,0.0,-0.5,5.0,4.2,3.6,3.1,3.8,3.2,1.7,2.8,5.8,3.2,3.4,6.5,3.7,1.8,-1.6,0.1,2.0,2.2,2.5,2.0,0.7,-0.8,0.4,1.7,0.7,-4.8,4.5,13.4,9.9,6.400000000043924,2.90000000008785,-0.5999999998682242,-4.099999999824298,-7.599999999780373
Central America,2.3,1.4,-1.8,0.9,2.1,0.2,2.2,4.4,0.1,3.2,1.8,2.2,7.3,5.4,3.4,4.7,3.8,5.6,5.4,4.1,3.6,2.2,3.4,2.1,3.8,5.6,7.0,7.0,4.4,-0.1,5.2,5.1,4.5,4.2,4.8,4.9,4.5,4.3,3.9,3.3,-7.2,11.0,5.3,3.8,3.9604548686441996,3.9604548686441996,3.9604548686441996,3.9604548686441996,3.9604548686441996
Central Asia and the Caucasus,5.7,6.1,4.75,5.449999999999999,6.550000000000001,4.55,4.6,4.7,6.6,4.85,5.5,5.8,6.5,2.1,-7.4,3.6,5.5,6.5,2.8,-1.0,7.2,-0.9,7.1,6.9,9.5,9.8,9.0,7.6,3.0,-1.0,8.0,9.4,5.1,7.4,4.8,4.9,2.8,6.3,3.3,1.9,0.6,9.6,5.3,3.1,2.8533311446235468,3.863803271124165,5.289185375247187,4.568172879578419,3.9463755108071696
East Asia,4.2,4.8,4.8,6.0,7.7,7.3,5.8,7.7,8.4,5.0,5.0,5.8,5.7,5.2,6.2,6.4,6.2,5.0,2.3,4.5,6.1,4.2,5.3,5.9,6.8,7.3,8.1,9.4,5.6,4.4,8.7,6.7,5.8,6.0,5.5,5.3,5.1,5.5,5.2,4.4,0.9,7.1,2.6,4.3,4.175223795719382,4.175223795719382,4.175223795719382,4.175223795719382,4.175223795719382
Eastern Europe ,-0.9,-2.6,0.5,4.5,2.9,1.6,3.1,2.4,1.4,0.1,-6.4,-10.2,-11.3,-6.8,-8.3,-1.6,-0.6,1.6,-1.3,3.7,7.2,4.5,4.3,6.1,7.2,5.7,7.5,7.7,4.8,-6.1,3.3,4.5,2.5,1.3,1.2,-0.1,1.4,3.2,3.8,3.0,-3.0,5.8,-0.6,0.6,-1.3067112712386262,1.2130479930538316,-1.8002290333967466,-1.204701754917449,-2.1275304555624124
Europe,1.4,0.0,0.7,2.0,2.5,2.5,2.7,2.9,3.9,3.4,2.4,1.0,-1.9,-1.8,0.2,1.6,1.2,2.7,2.1,3.1,4.6,2.7,1.8,2.3,3.5,2.9,4.3,4.2,1.6,-4.8,2.5,2.4,0.4,0.5,1.6,1.6,1.8,2.8,2.3,2.0,-5.5,5.7,2.4,0.6,0.17328819812912966,2.241576506565435,1.6534911380713768,1.143751734978722,1.1662266369014935
Middle East (Region),-3.5,0.4,-2.4,-1.1,-1.4,-1.6,1.9,-0.5,2.8,4.3,12.1,10.5,7.4,1.6,1.9,2.7,4.2,3.2,2.9,1.1,6.1,0.8,2.3,12.4,10.5,4.7,5.8,5.2,4.6,0.3,5.2,6.7,3.8,2.9,3.7,2.5,5.4,0.6,1.5,0.4,-3.6,4.3,6.2,2.7,2.329279654606759,2.654817982493944,2.654817982493944,2.654817982493944,2.654817982493944
North Africa,0.3,-3.6,5.5,3.6,3.5,5.3,0.5,-0.7,3.3,4.1,2.5,4.8,0.0,-0.3,3.4,0.3,5.2,2.6,5.7,4.0,4.3,3.8,3.0,6.3,4.6,5.4,4.6,5.5,4.7,2.8,4.5,-0.6,9.9,1.8,1.7,3.7,3.1,4.6,4.2,2.9,-1.8,5.4,4.1,4.0,3.2386363636363638,3.2386363636363638,3.2386363636363638,3.2386363636363638,3.2386363636363638
North America,1.0,3.3,-1.8,3.5,6.7,4.0,2.7,3.3,3.9,3.6,2.1,0.2,3.3,2.8,4.2,1.8,3.9,4.7,4.5,4.6,4.2,0.9,1.6,2.6,3.8,3.3,2.9,2.0,0.3,-2.9,3.0,1.9,2.4,1.8,2.4,2.6,1.7,2.3,2.8,2.0,-3.4,5.7,2.3,1.6,2.502272727272727,2.502272727272727,2.502272727272727,2.502272727272727,2.502272727272727
Pacific Islands ,-1.9,2.5,0.3,1.0,3.9,1.1,5.6,-0.1,2.8,4.0,0.5,5.0,10.6,9.1,8.6,-0.6,5.7,-4.4,3.4,3.7,-2.1,0.4,1.0,6.1,2.3,2.7,2.4,4.8,0.6,4.0,7.7,1.9,3.4,3.9,10.5,5.7,4.8,3.9,0.9,3.0,-6.2,-1.2,6.2,4.4,5.243453049505506,4.84822357910543,5.033422191362869,4.946640894544689,4.987305310900988
South America,5.7,-2.3,-0.4,-2.8,4.4,3.9,7.1,3.8,1.1,-0.1,-1.3,3.9,3.0,4.5,4.9,3.7,2.6,4.8,1.2,-1.3,3.2,0.9,0.3,2.1,7.3,5.1,5.7,6.8,5.0,-1.0,6.7,4.9,2.7,3.3,0.5,-1.1,-2.4,0.8,0.5,-0.1,-6.3,7.5,3.9,1.0,0.1004290882434189,2.6592241749192755,2.35214557287824,1.8469952744947178,1.5311517229233271
South Asia,5.2,6.0,4.2,6.7,4.1,5.7,4.9,4.1,8.3,5.5,5.3,2.4,5.5,4.3,6.2,6.9,7.3,4.0,5.4,7.4,4.2,4.3,3.8,7.2,7.5,8.9,8.5,8.9,4.2,7.1,9.0,6.3,5.4,6.0,6.9,7.3,7.6,6.6,6.4,3.9,-4.3,8.4,6.4,5.2,2.3654239824525676,5.569307105809054,5.270996607389141,4.921771331647389,4.1360060437755815
Southeast Asia,7.0,6.5,4.1,4.6,4.9,1.7,5.0,6.5,8.4,9.1,8.4,7.3,6.7,7.8,7.7,8.0,7.5,4.1,-7.5,3.3,5.8,3.3,5.1,5.8,6.5,5.7,6.0,6.6,5.2,2.4,7.4,5.0,6.1,5.1,4.8,4.9,5.1,5.4,5.3,4.7,-3.1,3.2,5.7,4.6,4.6,4.6,4.6,4.6,4.6
Sub-Saharan Africa (Region) ,2.4,2.5,1.8,1.4,3.7,4.199999999999999,3.1,2.75,5.05,3.8,3.2,0.5,0.3,1.7,1.9,4.2,4.8,3.6,2.8,2.5,4.2,5.0,6.2,4.9,6.7,6.2,6.1,6.5,5.5,3.2,6.7,4.5,3.9,4.8,4.9,3.3,1.6,2.9,3.0,3.0,-1.7,4.6,3.6,3.5,3.217241593829513,3.217241593829513,3.217241593829513,3.217241593829513,3.217241593829513
Western Europe,1.6,0.3,0.7,1.7,2.5,2.6,2.6,3.0,4.2,3.7,3.2,1.9,1.2,-0.2,2.7,2.5,1.7,3.0,3.1,3.0,3.9,2.1,1.1,1.1,2.3,1.9,3.1,2.8,0.3,-4.3,2.2,1.6,-0.4,0.2,1.7,2.2,1.9,2.6,1.8,1.6,-6.6,5.7,3.6,0.6,1.5404971826611187,1.5404971826611187,1.5404971826611187,1.5404971826611187,1.5404971826611187
Western Hemisphere (Region),2.2,2.0,-1.4,2.1,6.1,3.9,3.7,3.5,3.3,2.8,1.4,1.0,3.3,3.1,4.3,2.3,3.6,4.7,3.9,3.5,4.0,1.0,1.4,2.5,4.5,3.7,3.5,3.1,1.4,-2.4,3.8,2.6,2.5,2.2,2.0,1.8,0.9,2.0,2.4,1.6,-4.1,6.2,2.7,1.6,2.5045454545454544,2.5045454545454544,2.5045454545454544,2.5045454545454544,2.5045454545454544
ASEAN-5,7.7,6.5,3.8,4.5,4.6,1.3,5.2,6.9,8.8,9.4,8.7,7.5,6.6,7.9,7.7,7.9,7.4,3.8,-8.8,3.0,5.6,2.7,4.8,5.5,6.1,5.3,5.7,6.4,5.1,2.0,7.6,4.8,6.2,5.0,4.5,4.6,4.8,5.2,5.0,4.3,-4.4,4.0,5.5,4.5,4.5,4.5,4.5,4.5,4.5
Advanced economies,1.3,2.0,0.2,3.2,4.8,3.7,3.3,3.8,4.8,3.9,3.1,1.6,2.2,1.3,3.3,2.9,3.0,3.5,2.8,3.6,4.1,1.5,1.6,2.0,3.3,2.8,3.0,2.7,0.3,-3.4,3.2,1.7,1.2,1.4,2.0,2.3,1.8,2.5,2.3,1.7,-4.2,5.4,2.7,1.3,2.3068181818181817,2.3068181818181817,2.3068181818181817,2.3068181818181817,2.3068181818181817
Emerging and Developing Asia,6.3,5.9,5.1,7.0,7.5,6.6,6.2,7.2,9.3,6.3,5.9,6.1,8.9,9.0,9.3,8.9,8.4,6.1,2.8,6.5,6.5,6.0,6.6,8.3,8.4,9.3,10.1,11.2,7.3,7.6,9.6,7.9,7.0,6.9,6.9,6.8,6.8,6.6,6.4,5.2,-0.5,7.5,4.4,5.3,4.999537265711204,4.999537265711204,4.999537265711204,4.999537265711204,4.999537265711204
Emerging and Developing Europe,-0.8,-0.5,1.4,4.6,4.1,2.4,4.4,5.0,1.6,0.1,-0.4,-5.7,-8.7,-4.4,-8.4,-0.3,0.3,2.7,-0.8,2.6,7.5,2.7,4.8,6.2,7.9,6.3,7.4,7.2,4.3,-5.7,4.4,6.1,3.2,2.9,1.9,1.0,1.8,4.2,3.6,2.5,-1.6,7.3,0.8,1.2,1.4388972786588585,2.790170002006892,0.04073847196999747,0.8573621911798175,0.7940904645082423
Emerging market and developing economies,3.3,1.9,1.5,1.8,4.1,3.5,4.3,4.0,4.5,3.5,4.1,4.5,2.5,3.0,3.1,4.0,5.1,4.7,2.3,3.5,5.7,3.6,4.4,6.9,7.9,7.1,7.9,8.4,5.7,2.8,7.4,6.4,5.4,5.0,4.7,4.4,4.4,4.7,4.7,3.6,-1.8,6.9,4.0,3.9,3.8988477149110743,3.8988477149110743,3.8988477149110743,3.8988477149110743,3.8988477149110743
Euro area,3.1,1.1,1.5,1.8,2.85,2.2,2.7,3.6,4.6,4.5,3.8,1.8,1.4,-0.8,2.5,2.9,1.6,2.6,3.0,2.9,3.8,2.2,0.9,0.7,2.3,1.7,3.2,3.0,0.4,-4.5,2.1,1.7,-0.9,-0.2,1.4,2.0,1.9,2.6,1.8,1.6,-6.1,5.4,3.5,0.8,1.4018556633290462,1.4018556633290462,1.4018556633290462,1.4018556633290462,1.4018556633290462
European Union,1.8,0.1,0.6,1.7,2.5,2.2,2.7,2.6,3.8,3.6,2.7,1.4,1.0,-0.6,2.7,2.8,2.0,2.6,3.0,2.9,3.9,2.3,1.3,1.1,2.8,2.1,3.7,3.4,0.9,-4.2,2.1,2.0,-0.6,-0.1,1.7,2.5,2.0,3.0,2.3,2.0,-5.6,5.6,3.7,0.7,1.4738276016760024,1.9787780489264524,1.8784936874584703,1.7947763629853766,1.8069953885973937
Latin America and the Caribbean,6.4,0.9,-0.5,-2.8,3.9,3.2,4.3,3.3,1.1,1.1,0.6,3.8,3.3,4.0,4.7,1.3,3.8,5.3,2.5,0.2,3.7,0.6,0.4,2.0,6.1,4.4,5.4,5.6,4.0,-1.9,6.1,4.6,3.0,2.9,1.4,0.4,-0.6,1.4,1.2,0.2,-6.8,7.0,4.0,1.6,-0.9575722476958988,3.3444969363302106,2.8838384482447084,1.8993592188224644,0.998755819942799
Major advanced economies (G7),0.9,2.0,-0.1,3.3,5.0,3.8,3.0,3.5,4.7,3.8,2.8,1.2,2.1,1.1,3.0,2.5,2.7,3.2,2.9,3.2,3.8,1.2,1.1,1.9,2.9,2.5,2.5,2.1,0.0,-3.7,2.9,1.6,1.4,1.4,1.9,2.1,1.5,2.2,2.1,1.6,-4.5,5.3,2.3,1.1,2.0863636363636364,2.0863636363636364,2.0863636363636364,2.0863636363636364,2.0863636363636364
Middle East and Central Asia,-1.9,-0.2,0.4,0.7,0.3,1.2,2.0,-0.1,3.3,4.3,8.7,8.5,4.9,0.2,1.4,1.7,4.5,3.0,3.6,2.3,5.5,2.5,3.1,10.2,8.8,5.9,6.2,5.9,4.9,1.2,5.0,4.7,5.1,3.0,3.4,3.0,4.3,2.2,2.8,1.6,-2.7,4.6,5.3,2.9,2.9,2.9,2.9,2.9,2.9
Other advanced economies,3.8,4.2,2.2,4.0,6.6,4.3,5.5,6.5,5.5,4.6,4.3,3.7,4.0,4.2,6.2,5.3,4.9,4.7,1.0,5.5,5.9,2.2,3.9,2.8,5.3,4.2,4.8,5.2,1.8,-0.9,6.0,3.4,2.2,2.5,3.0,2.3,2.6,3.1,2.8,2.0,-1.6,5.4,2.6,1.8,2.8122625215958847,2.925295435285541,2.706986973519297,2.787833018427396,2.8994521355043448
Sub-Saharan Africa,2.45,2.5,1.8,1.4,3.7,4.3,3.1,2.7,5.0,3.8,3.2,0.2,0.0,1.6,1.8,3.9,4.8,3.5,2.4,2.4,4.0,4.6,6.3,4.8,6.9,6.3,6.0,6.6,5.7,3.6,6.9,5.0,4.8,4.9,5.0,3.2,1.5,2.9,3.2,3.3,-1.7,4.8,3.9,3.6,3.403654551337817,3.403654551337817,3.403654551337817,3.403654551337817,3.403654551337817
World,2.1,1.9,0.7,2.6,4.6,3.6,3.6,3.9,4.7,3.8,3.4,2.7,2.3,2.0,3.2,3.3,3.9,4.0,2.6,3.5,4.8,2.5,2.9,4.3,5.4,4.9,5.4,5.6,3.1,-0.1,5.4,4.3,3.5,3.4,3.5,3.4,3.3,3.8,3.6,2.8,-2.8,6.3,3.4,2.8,1.6823919037439299,3.9012730556154733,3.1299849212870106,2.7998099195912776,2.7010209344503324
desc,Real,Real,Real,Real,Real,Real,Real,Real,Real,Real,Real,Real,Real,Real,Real,Real,Real,Real,Real,Real,Real,Real,Real,Real,Real,Real,Real,Real,Real,Real,Real,Real,Real,Real,Real,Real,Real,Real,Real,Real,Real,Real,Real,Real,Previsão,Previsão,Previsão,Previsão,Previsão
